ISO-10303-21;
HEADER;
/* Generated by software containing ST-Developer
 * from STEP Tools, Inc. (www.steptools.com) 
 */

FILE_DESCRIPTION(
/* description */ (''),
/* implementation_level */ '2;1');

FILE_NAME(
/* name */ 'Pod.step',
/* time_stamp */ '2026-08-02T22:45:09-04:00',
/* author */ (''),
/* organization */ (''),
/* preprocessor_version */ 'ST-DEVELOPER v20.1',
/* originating_system */ 'Autodesk Translation Framework v15.8.0.0',
/* authorisation */ '');

FILE_SCHEMA (('AUTOMOTIVE_DESIGN { 1 0 10303 214 3 1 1 }'));
ENDSEC;

DATA;
#10=MECHANICAL_DESIGN_GEOMETRIC_PRESENTATION_REPRESENTATION('',(#47,#48),
#3045);
#11=SHAPE_REPRESENTATION_RELATIONSHIP('SRR','None',#3052,#12);
#12=ADVANCED_BREP_SHAPE_REPRESENTATION('',(#49,#50),#3044);
#13=FACE_BOUND('',#314,.T.);
#14=FACE_BOUND('',#315,.T.);
#15=FACE_BOUND('',#316,.T.);
#16=FACE_BOUND('',#317,.T.);
#17=FACE_BOUND('',#318,.T.);
#18=FACE_BOUND('',#319,.T.);
#19=FACE_BOUND('',#320,.T.);
#20=FACE_BOUND('',#321,.T.);
#21=FACE_BOUND('',#347,.T.);
#22=FACE_BOUND('',#348,.T.);
#23=FACE_BOUND('',#349,.T.);
#24=FACE_BOUND('',#350,.T.);
#25=FACE_BOUND('',#351,.T.);
#26=FACE_BOUND('',#352,.T.);
#27=FACE_BOUND('',#353,.T.);
#28=FACE_BOUND('',#354,.T.);
#29=FACE_BOUND('',#355,.T.);
#30=FACE_BOUND('',#358,.T.);
#31=FACE_BOUND('',#359,.T.);
#32=FACE_BOUND('',#360,.T.);
#33=FACE_BOUND('',#361,.T.);
#34=FACE_BOUND('',#362,.T.);
#35=FACE_BOUND('',#363,.T.);
#36=FACE_BOUND('',#364,.T.);
#37=FACE_BOUND('',#365,.T.);
#38=FACE_BOUND('',#366,.T.);
#39=FACE_BOUND('',#373,.T.);
#40=FACE_BOUND('',#374,.T.);
#41=FACE_BOUND('',#375,.T.);
#42=FACE_BOUND('',#376,.T.);
#43=FACE_BOUND('',#377,.T.);
#44=FACE_BOUND('',#378,.T.);
#45=FACE_BOUND('',#379,.T.);
#46=FACE_BOUND('',#380,.T.);
#47=STYLED_ITEM('',(#3061),#49);
#48=STYLED_ITEM('',(#3061),#50);
#49=MANIFOLD_SOLID_BREP('Bottom',#1768);
#50=MANIFOLD_SOLID_BREP('Top',#1769);
#51=B_SPLINE_CURVE_WITH_KNOTS('',3,(#2607,#2608,#2609,#2610,#2611,#2612,
#2613,#2614,#2615,#2616,#2617),.UNSPECIFIED.,.F.,.F.,(4,2,3,2,4),(-0.162875311161848,
-0.0967802378433957,0.,0.0967802378433958,0.162875311161848),
 .UNSPECIFIED.);
#52=B_SPLINE_CURVE_WITH_KNOTS('',3,(#2623,#2624,#2625,#2626,#2627,#2628,
#2629,#2630,#2631,#2632,#2633),.UNSPECIFIED.,.F.,.F.,(4,2,3,2,4),(-0.110907335294439,
-0.096780237843396,0.,0.0967802378433957,0.110907335294439),
 .UNSPECIFIED.);
#53=B_SPLINE_CURVE_WITH_KNOTS('',3,(#2636,#2637,#2638,#2639,#2640,#2641,
#2642,#2643,#2644,#2645,#2646),.UNSPECIFIED.,.F.,.F.,(4,2,3,2,4),(-0.139531675501736,
-0.0967895278226414,0.,0.0967164672532404,0.139524773638026),
 .UNSPECIFIED.);
#54=B_SPLINE_CURVE_WITH_KNOTS('',3,(#2652,#2653,#2654,#2655,#2656,#2657,
#2658,#2659,#2660,#2661,#2662),.UNSPECIFIED.,.F.,.F.,(4,2,3,2,4),(-0.138331844595264,
-0.0967164672532406,0.,0.0967895278226416,0.138338749166316),
 .UNSPECIFIED.);
#55=B_SPLINE_CURVE_WITH_KNOTS('',3,(#2697,#2698,#2699,#2700,#2701,#2702,
#2703,#2704,#2705,#2706,#2707),.UNSPECIFIED.,.F.,.F.,(4,2,3,2,4),(-0.146933664569531,
-0.096855052572379,0.,0.0968550525723791,0.146933664569531),
 .UNSPECIFIED.);
#56=B_SPLINE_CURVE_WITH_KNOTS('',3,(#2713,#2714,#2715,#2716,#2717,#2718,
#2719,#2720,#2721,#2722,#2723),.UNSPECIFIED.,.F.,.F.,(4,2,3,2,4),(-0.146933542628325,
-0.0968550525723793,0.,0.096855052572379,0.146933542628324),
 .UNSPECIFIED.);
#57=B_SPLINE_CURVE_WITH_KNOTS('',3,(#2726,#2727,#2728,#2729,#2730,#2731,
#2732,#2733,#2734,#2735,#2736),.UNSPECIFIED.,.F.,.F.,(4,2,3,2,4),(-0.146933524194418,
-0.0968550503225099,0.,0.0968550503225099,0.146933524194418),
 .UNSPECIFIED.);
#58=B_SPLINE_CURVE_WITH_KNOTS('',3,(#2742,#2743,#2744,#2745,#2746,#2747,
#2748,#2749,#2750,#2751,#2752),.UNSPECIFIED.,.F.,.F.,(4,2,3,2,4),(-0.14693315433828,
-0.0968550503225099,0.,0.0968550503225099,0.14693315433828),
 .UNSPECIFIED.);
#59=CIRCLE('',#1785,19.499999036503);
#60=CIRCLE('',#1786,19.499999036503);
#61=CIRCLE('',#1788,19.499999036503);
#62=CIRCLE('',#1789,19.499999036503);
#63=CIRCLE('',#1791,15.9999990365);
#64=CIRCLE('',#1792,15.999999036503);
#65=CIRCLE('',#1793,15.999999036503);
#66=CIRCLE('',#1794,15.999999036503);
#67=CIRCLE('',#1796,15.9999990365);
#68=CIRCLE('',#1799,15.999999036503);
#69=CIRCLE('',#1801,15.999999036503);
#70=CIRCLE('',#1804,15.999999036503);
#71=CIRCLE('',#1814,2.5);
#72=CIRCLE('',#1815,2.5);
#73=CIRCLE('',#1817,2.5);
#74=CIRCLE('',#1818,2.5);
#75=CIRCLE('',#1820,2.5);
#76=CIRCLE('',#1821,2.5);
#77=CIRCLE('',#1823,2.5);
#78=CIRCLE('',#1824,2.5);
#79=CIRCLE('',#1826,4.5);
#80=CIRCLE('',#1828,2.5);
#81=CIRCLE('',#1829,2.5);
#82=CIRCLE('',#1831,2.5);
#83=CIRCLE('',#1832,2.5);
#84=CIRCLE('',#1834,2.5);
#85=CIRCLE('',#1835,2.5);
#86=CIRCLE('',#1837,2.5);
#87=CIRCLE('',#1838,2.5);
#88=CIRCLE('',#1840,4.5);
#89=CIRCLE('',#1841,19.4999990365);
#90=CIRCLE('',#1842,4.5);
#91=CIRCLE('',#1843,4.5);
#92=CIRCLE('',#1844,4.5);
#93=CIRCLE('',#1845,4.5);
#94=CIRCLE('',#1846,19.499999036503);
#95=CIRCLE('',#1847,4.5);
#96=CIRCLE('',#1850,4.5);
#97=CIRCLE('',#1851,4.5);
#98=CIRCLE('',#1852,4.5);
#99=CIRCLE('',#1853,19.4999990365);
#100=CIRCLE('',#1854,4.5);
#101=CIRCLE('',#1855,19.499999036503);
#102=CIRCLE('',#1856,4.5);
#103=CIRCLE('',#1874,19.499999036503);
#104=CIRCLE('',#1875,19.4999990365);
#105=CIRCLE('',#1876,19.499999036503);
#106=CIRCLE('',#1877,19.499999036503);
#107=CIRCLE('',#1878,7.00000265169571);
#108=CIRCLE('',#1879,1.5);
#109=CIRCLE('',#1880,1.5);
#110=CIRCLE('',#1881,1.5);
#111=CIRCLE('',#1882,1.5);
#112=CIRCLE('',#1883,1.5);
#113=CIRCLE('',#1884,1.5);
#114=CIRCLE('',#1887,19.499999036503);
#115=CIRCLE('',#1889,19.499999036503);
#116=CIRCLE('',#1894,1.5);
#117=CIRCLE('',#1896,1.5);
#118=CIRCLE('',#1898,1.5);
#119=CIRCLE('',#1900,1.5);
#120=CIRCLE('',#1902,1.5);
#121=CIRCLE('',#1904,1.5);
#122=CIRCLE('',#1909,0.5);
#123=CIRCLE('',#1910,0.5);
#124=CIRCLE('',#1912,0.499999999999998);
#125=CIRCLE('',#1913,0.499999999999998);
#126=CIRCLE('',#1915,0.5);
#127=CIRCLE('',#1916,0.5);
#128=CIRCLE('',#1918,0.5);
#129=CIRCLE('',#1919,0.5);
#130=CIRCLE('',#1921,0.5);
#131=CIRCLE('',#1922,0.5);
#132=CIRCLE('',#1924,0.499999999999998);
#133=CIRCLE('',#1925,0.499999999999998);
#134=CIRCLE('',#1927,0.5);
#135=CIRCLE('',#1928,0.5);
#136=CIRCLE('',#1930,0.499999999999998);
#137=CIRCLE('',#1931,0.499999999999998);
#138=CIRCLE('',#1933,0.5);
#139=CIRCLE('',#1934,0.5);
#140=CIRCLE('',#1936,7.00000265169571);
#141=CIRCLE('',#1938,7.50000011175871);
#142=CIRCLE('',#1939,7.50000011175871);
#143=CIRCLE('',#1947,19.499999036503);
#144=CIRCLE('',#1948,19.4999990365);
#145=CYLINDRICAL_SURFACE('',#1784,19.499999036503);
#146=CYLINDRICAL_SURFACE('',#1787,19.499999036503);
#147=CYLINDRICAL_SURFACE('',#1795,15.9999990365);
#148=CYLINDRICAL_SURFACE('',#1798,15.999999036503);
#149=CYLINDRICAL_SURFACE('',#1800,15.999999036503);
#150=CYLINDRICAL_SURFACE('',#1803,15.999999036503);
#151=CYLINDRICAL_SURFACE('',#1819,2.5);
#152=CYLINDRICAL_SURFACE('',#1822,2.5);
#153=CYLINDRICAL_SURFACE('',#1833,2.5);
#154=CYLINDRICAL_SURFACE('',#1836,2.5);
#155=CYLINDRICAL_SURFACE('',#1862,4.5);
#156=CYLINDRICAL_SURFACE('',#1863,4.5);
#157=CYLINDRICAL_SURFACE('',#1864,4.5);
#158=CYLINDRICAL_SURFACE('',#1865,4.5);
#159=CYLINDRICAL_SURFACE('',#1866,4.5);
#160=CYLINDRICAL_SURFACE('',#1867,4.5);
#161=CYLINDRICAL_SURFACE('',#1869,19.499999036503);
#162=CYLINDRICAL_SURFACE('',#1872,19.4999990365);
#163=CYLINDRICAL_SURFACE('',#1886,19.499999036503);
#164=CYLINDRICAL_SURFACE('',#1888,19.499999036503);
#165=CYLINDRICAL_SURFACE('',#1893,1.5);
#166=CYLINDRICAL_SURFACE('',#1895,1.5);
#167=CYLINDRICAL_SURFACE('',#1897,1.5);
#168=CYLINDRICAL_SURFACE('',#1899,1.5);
#169=CYLINDRICAL_SURFACE('',#1901,1.5);
#170=CYLINDRICAL_SURFACE('',#1903,1.5);
#171=CYLINDRICAL_SURFACE('',#1908,0.5);
#172=CYLINDRICAL_SURFACE('',#1911,0.499999999999998);
#173=CYLINDRICAL_SURFACE('',#1914,0.5);
#174=CYLINDRICAL_SURFACE('',#1917,0.5);
#175=CYLINDRICAL_SURFACE('',#1920,0.5);
#176=CYLINDRICAL_SURFACE('',#1923,0.499999999999998);
#177=CYLINDRICAL_SURFACE('',#1926,0.5);
#178=CYLINDRICAL_SURFACE('',#1929,0.499999999999998);
#179=CYLINDRICAL_SURFACE('',#1932,0.5);
#180=CYLINDRICAL_SURFACE('',#1937,7.50000011175871);
#181=CYLINDRICAL_SURFACE('',#1941,7.00000265169571);
#182=CYLINDRICAL_SURFACE('',#1950,19.499999036503);
#183=CYLINDRICAL_SURFACE('',#1951,19.4999990365);
#184=FACE_OUTER_BOUND('',#267,.T.);
#185=FACE_OUTER_BOUND('',#268,.T.);
#186=FACE_OUTER_BOUND('',#269,.T.);
#187=FACE_OUTER_BOUND('',#270,.T.);
#188=FACE_OUTER_BOUND('',#271,.T.);
#189=FACE_OUTER_BOUND('',#272,.T.);
#190=FACE_OUTER_BOUND('',#273,.T.);
#191=FACE_OUTER_BOUND('',#274,.T.);
#192=FACE_OUTER_BOUND('',#275,.T.);
#193=FACE_OUTER_BOUND('',#276,.T.);
#194=FACE_OUTER_BOUND('',#277,.T.);
#195=FACE_OUTER_BOUND('',#278,.T.);
#196=FACE_OUTER_BOUND('',#279,.T.);
#197=FACE_OUTER_BOUND('',#280,.T.);
#198=FACE_OUTER_BOUND('',#281,.T.);
#199=FACE_OUTER_BOUND('',#282,.T.);
#200=FACE_OUTER_BOUND('',#283,.T.);
#201=FACE_OUTER_BOUND('',#284,.T.);
#202=FACE_OUTER_BOUND('',#285,.T.);
#203=FACE_OUTER_BOUND('',#286,.T.);
#204=FACE_OUTER_BOUND('',#287,.T.);
#205=FACE_OUTER_BOUND('',#288,.T.);
#206=FACE_OUTER_BOUND('',#289,.T.);
#207=FACE_OUTER_BOUND('',#290,.T.);
#208=FACE_OUTER_BOUND('',#291,.T.);
#209=FACE_OUTER_BOUND('',#292,.T.);
#210=FACE_OUTER_BOUND('',#293,.T.);
#211=FACE_OUTER_BOUND('',#294,.T.);
#212=FACE_OUTER_BOUND('',#295,.T.);
#213=FACE_OUTER_BOUND('',#296,.T.);
#214=FACE_OUTER_BOUND('',#297,.T.);
#215=FACE_OUTER_BOUND('',#298,.T.);
#216=FACE_OUTER_BOUND('',#299,.T.);
#217=FACE_OUTER_BOUND('',#300,.T.);
#218=FACE_OUTER_BOUND('',#301,.T.);
#219=FACE_OUTER_BOUND('',#302,.T.);
#220=FACE_OUTER_BOUND('',#303,.T.);
#221=FACE_OUTER_BOUND('',#304,.T.);
#222=FACE_OUTER_BOUND('',#305,.T.);
#223=FACE_OUTER_BOUND('',#306,.T.);
#224=FACE_OUTER_BOUND('',#307,.T.);
#225=FACE_OUTER_BOUND('',#308,.T.);
#226=FACE_OUTER_BOUND('',#309,.T.);
#227=FACE_OUTER_BOUND('',#310,.T.);
#228=FACE_OUTER_BOUND('',#311,.T.);
#229=FACE_OUTER_BOUND('',#312,.T.);
#230=FACE_OUTER_BOUND('',#313,.T.);
#231=FACE_OUTER_BOUND('',#322,.T.);
#232=FACE_OUTER_BOUND('',#323,.T.);
#233=FACE_OUTER_BOUND('',#324,.T.);
#234=FACE_OUTER_BOUND('',#325,.T.);
#235=FACE_OUTER_BOUND('',#326,.T.);
#236=FACE_OUTER_BOUND('',#327,.T.);
#237=FACE_OUTER_BOUND('',#328,.T.);
#238=FACE_OUTER_BOUND('',#329,.T.);
#239=FACE_OUTER_BOUND('',#330,.T.);
#240=FACE_OUTER_BOUND('',#331,.T.);
#241=FACE_OUTER_BOUND('',#332,.T.);
#242=FACE_OUTER_BOUND('',#333,.T.);
#243=FACE_OUTER_BOUND('',#334,.T.);
#244=FACE_OUTER_BOUND('',#335,.T.);
#245=FACE_OUTER_BOUND('',#336,.T.);
#246=FACE_OUTER_BOUND('',#337,.T.);
#247=FACE_OUTER_BOUND('',#338,.T.);
#248=FACE_OUTER_BOUND('',#339,.T.);
#249=FACE_OUTER_BOUND('',#340,.T.);
#250=FACE_OUTER_BOUND('',#341,.T.);
#251=FACE_OUTER_BOUND('',#342,.T.);
#252=FACE_OUTER_BOUND('',#343,.T.);
#253=FACE_OUTER_BOUND('',#344,.T.);
#254=FACE_OUTER_BOUND('',#345,.T.);
#255=FACE_OUTER_BOUND('',#346,.T.);
#256=FACE_OUTER_BOUND('',#356,.T.);
#257=FACE_OUTER_BOUND('',#357,.T.);
#258=FACE_OUTER_BOUND('',#367,.T.);
#259=FACE_OUTER_BOUND('',#368,.T.);
#260=FACE_OUTER_BOUND('',#369,.T.);
#261=FACE_OUTER_BOUND('',#370,.T.);
#262=FACE_OUTER_BOUND('',#371,.T.);
#263=FACE_OUTER_BOUND('',#372,.T.);
#264=FACE_OUTER_BOUND('',#381,.T.);
#265=FACE_OUTER_BOUND('',#382,.T.);
#266=FACE_OUTER_BOUND('',#383,.T.);
#267=EDGE_LOOP('',(#1131,#1132,#1133,#1134));
#268=EDGE_LOOP('',(#1135,#1136,#1137,#1138));
#269=EDGE_LOOP('',(#1139,#1140,#1141,#1142));
#270=EDGE_LOOP('',(#1143,#1144,#1145,#1146,#1147,#1148,#1149,#1150));
#271=EDGE_LOOP('',(#1151,#1152,#1153,#1154));
#272=EDGE_LOOP('',(#1155,#1156,#1157,#1158));
#273=EDGE_LOOP('',(#1159,#1160,#1161,#1162));
#274=EDGE_LOOP('',(#1163,#1164,#1165,#1166));
#275=EDGE_LOOP('',(#1167,#1168,#1169,#1170,#1171,#1172,#1173,#1174));
#276=EDGE_LOOP('',(#1175,#1176,#1177,#1178));
#277=EDGE_LOOP('',(#1179,#1180,#1181,#1182));
#278=EDGE_LOOP('',(#1183,#1184,#1185,#1186,#1187,#1188,#1189,#1190));
#279=EDGE_LOOP('',(#1191,#1192,#1193,#1194));
#280=EDGE_LOOP('',(#1195,#1196,#1197,#1198));
#281=EDGE_LOOP('',(#1199,#1200,#1201,#1202));
#282=EDGE_LOOP('',(#1203,#1204,#1205,#1206,#1207,#1208,#1209,#1210));
#283=EDGE_LOOP('',(#1211,#1212,#1213,#1214));
#284=EDGE_LOOP('',(#1215,#1216,#1217,#1218));
#285=EDGE_LOOP('',(#1219,#1220,#1221,#1222,#1223,#1224,#1225));
#286=EDGE_LOOP('',(#1226,#1227,#1228,#1229,#1230,#1231,#1232));
#287=EDGE_LOOP('',(#1233,#1234,#1235,#1236,#1237,#1238,#1239,#1240));
#288=EDGE_LOOP('',(#1241,#1242,#1243,#1244,#1245,#1246,#1247,#1248));
#289=EDGE_LOOP('',(#1249,#1250,#1251,#1252,#1253,#1254,#1255,#1256,#1257,
#1258,#1259));
#290=EDGE_LOOP('',(#1260,#1261,#1262,#1263,#1264,#1265,#1266));
#291=EDGE_LOOP('',(#1267,#1268,#1269,#1270,#1271,#1272,#1273));
#292=EDGE_LOOP('',(#1274,#1275,#1276,#1277,#1278,#1279,#1280,#1281));
#293=EDGE_LOOP('',(#1282,#1283,#1284,#1285,#1286,#1287,#1288,#1289));
#294=EDGE_LOOP('',(#1290,#1291,#1292,#1293,#1294,#1295,#1296,#1297,#1298,
#1299,#1300,#1301,#1302,#1303,#1304,#1305,#1306,#1307,#1308,#1309,#1310,
#1311,#1312,#1313));
#295=EDGE_LOOP('',(#1314,#1315,#1316,#1317));
#296=EDGE_LOOP('',(#1318,#1319,#1320,#1321,#1322,#1323,#1324,#1325,#1326,
#1327,#1328,#1329,#1330,#1331,#1332,#1333,#1334,#1335,#1336,#1337,#1338,
#1339,#1340,#1341,#1342,#1343,#1344,#1345,#1346));
#297=EDGE_LOOP('',(#1347,#1348,#1349,#1350,#1351,#1352,#1353));
#298=EDGE_LOOP('',(#1354,#1355,#1356,#1357));
#299=EDGE_LOOP('',(#1358,#1359,#1360,#1361,#1362,#1363,#1364));
#300=EDGE_LOOP('',(#1365,#1366,#1367,#1368,#1369,#1370,#1371));
#301=EDGE_LOOP('',(#1372,#1373,#1374,#1375,#1376,#1377,#1378));
#302=EDGE_LOOP('',(#1379,#1380,#1381,#1382,#1383,#1384));
#303=EDGE_LOOP('',(#1385,#1386,#1387,#1388,#1389,#1390));
#304=EDGE_LOOP('',(#1391,#1392,#1393,#1394,#1395,#1396));
#305=EDGE_LOOP('',(#1397,#1398,#1399,#1400,#1401,#1402));
#306=EDGE_LOOP('',(#1403,#1404,#1405,#1406,#1407,#1408,#1409,#1410));
#307=EDGE_LOOP('',(#1411,#1412,#1413,#1414,#1415,#1416,#1417,#1418));
#308=EDGE_LOOP('',(#1419,#1420,#1421,#1422));
#309=EDGE_LOOP('',(#1423,#1424,#1425,#1426));
#310=EDGE_LOOP('',(#1427,#1428,#1429,#1430));
#311=EDGE_LOOP('',(#1431,#1432,#1433,#1434,#1435,#1436,#1437,#1438));
#312=EDGE_LOOP('',(#1439,#1440,#1441,#1442));
#313=EDGE_LOOP('',(#1443,#1444,#1445,#1446,#1447,#1448,#1449,#1450,#1451,
#1452,#1453,#1454));
#314=EDGE_LOOP('',(#1455,#1456,#1457,#1458));
#315=EDGE_LOOP('',(#1459));
#316=EDGE_LOOP('',(#1460));
#317=EDGE_LOOP('',(#1461));
#318=EDGE_LOOP('',(#1462));
#319=EDGE_LOOP('',(#1463));
#320=EDGE_LOOP('',(#1464));
#321=EDGE_LOOP('',(#1465));
#322=EDGE_LOOP('',(#1466,#1467,#1468,#1469));
#323=EDGE_LOOP('',(#1470,#1471,#1472,#1473));
#324=EDGE_LOOP('',(#1474,#1475,#1476,#1477));
#325=EDGE_LOOP('',(#1478,#1479,#1480,#1481));
#326=EDGE_LOOP('',(#1482,#1483,#1484,#1485));
#327=EDGE_LOOP('',(#1486,#1487,#1488,#1489));
#328=EDGE_LOOP('',(#1490,#1491,#1492,#1493));
#329=EDGE_LOOP('',(#1494,#1495,#1496,#1497));
#330=EDGE_LOOP('',(#1498,#1499,#1500,#1501));
#331=EDGE_LOOP('',(#1502,#1503,#1504,#1505));
#332=EDGE_LOOP('',(#1506,#1507,#1508,#1509));
#333=EDGE_LOOP('',(#1510,#1511,#1512,#1513));
#334=EDGE_LOOP('',(#1514,#1515,#1516,#1517));
#335=EDGE_LOOP('',(#1518,#1519,#1520,#1521));
#336=EDGE_LOOP('',(#1522,#1523,#1524,#1525));
#337=EDGE_LOOP('',(#1526,#1527,#1528,#1529));
#338=EDGE_LOOP('',(#1530,#1531,#1532,#1533));
#339=EDGE_LOOP('',(#1534,#1535,#1536,#1537));
#340=EDGE_LOOP('',(#1538,#1539,#1540,#1541));
#341=EDGE_LOOP('',(#1542,#1543,#1544,#1545));
#342=EDGE_LOOP('',(#1546,#1547,#1548,#1549));
#343=EDGE_LOOP('',(#1550,#1551,#1552,#1553));
#344=EDGE_LOOP('',(#1554,#1555,#1556,#1557));
#345=EDGE_LOOP('',(#1558,#1559,#1560,#1561));
#346=EDGE_LOOP('',(#1562));
#347=EDGE_LOOP('',(#1563));
#348=EDGE_LOOP('',(#1564));
#349=EDGE_LOOP('',(#1565));
#350=EDGE_LOOP('',(#1566));
#351=EDGE_LOOP('',(#1567));
#352=EDGE_LOOP('',(#1568));
#353=EDGE_LOOP('',(#1569));
#354=EDGE_LOOP('',(#1570));
#355=EDGE_LOOP('',(#1571));
#356=EDGE_LOOP('',(#1572,#1573,#1574,#1575));
#357=EDGE_LOOP('',(#1576));
#358=EDGE_LOOP('',(#1577));
#359=EDGE_LOOP('',(#1578));
#360=EDGE_LOOP('',(#1579));
#361=EDGE_LOOP('',(#1580));
#362=EDGE_LOOP('',(#1581));
#363=EDGE_LOOP('',(#1582));
#364=EDGE_LOOP('',(#1583));
#365=EDGE_LOOP('',(#1584));
#366=EDGE_LOOP('',(#1585));
#367=EDGE_LOOP('',(#1586,#1587,#1588,#1589));
#368=EDGE_LOOP('',(#1590,#1591,#1592,#1593));
#369=EDGE_LOOP('',(#1594,#1595,#1596,#1597));
#370=EDGE_LOOP('',(#1598,#1599,#1600,#1601));
#371=EDGE_LOOP('',(#1602,#1603,#1604,#1605));
#372=EDGE_LOOP('',(#1606,#1607,#1608,#1609,#1610,#1611,#1612,#1613,#1614,
#1615,#1616,#1617));
#373=EDGE_LOOP('',(#1618,#1619,#1620,#1621));
#374=EDGE_LOOP('',(#1622));
#375=EDGE_LOOP('',(#1623));
#376=EDGE_LOOP('',(#1624));
#377=EDGE_LOOP('',(#1625));
#378=EDGE_LOOP('',(#1626));
#379=EDGE_LOOP('',(#1627));
#380=EDGE_LOOP('',(#1628));
#381=EDGE_LOOP('',(#1629,#1630,#1631,#1632));
#382=EDGE_LOOP('',(#1633,#1634,#1635,#1636));
#383=EDGE_LOOP('',(#1637,#1638,#1639,#1640));
#384=LINE('',#2457,#545);
#385=LINE('',#2459,#546);
#386=LINE('',#2461,#547);
#387=LINE('',#2462,#548);
#388=LINE('',#2468,#549);
#389=LINE('',#2474,#550);
#390=LINE('',#2477,#551);
#391=LINE('',#2483,#552);
#392=LINE('',#2487,#553);
#393=LINE('',#2491,#554);
#394=LINE('',#2494,#555);
#395=LINE('',#2497,#556);
#396=LINE('',#2500,#557);
#397=LINE('',#2503,#558);
#398=LINE('',#2504,#559);
#399=LINE('',#2508,#560);
#400=LINE('',#2511,#561);
#401=LINE('',#2514,#562);
#402=LINE('',#2518,#563);
#403=LINE('',#2520,#564);
#404=LINE('',#2521,#565);
#405=LINE('',#2523,#566);
#406=LINE('',#2525,#567);
#407=LINE('',#2526,#568);
#408=LINE('',#2530,#569);
#409=LINE('',#2532,#570);
#410=LINE('',#2536,#571);
#411=LINE('',#2538,#572);
#412=LINE('',#2540,#573);
#413=LINE('',#2541,#574);
#414=LINE('',#2542,#575);
#415=LINE('',#2546,#576);
#416=LINE('',#2547,#577);
#417=LINE('',#2548,#578);
#418=LINE('',#2551,#579);
#419=LINE('',#2552,#580);
#420=LINE('',#2555,#581);
#421=LINE('',#2556,#582);
#422=LINE('',#2559,#583);
#423=LINE('',#2561,#584);
#424=LINE('',#2563,#585);
#425=LINE('',#2565,#586);
#426=LINE('',#2567,#587);
#427=LINE('',#2569,#588);
#428=LINE('',#2570,#589);
#429=LINE('',#2572,#590);
#430=LINE('',#2573,#591);
#431=LINE('',#2575,#592);
#432=LINE('',#2579,#593);
#433=LINE('',#2581,#594);
#434=LINE('',#2583,#595);
#435=LINE('',#2585,#596);
#436=LINE('',#2587,#597);
#437=LINE('',#2594,#598);
#438=LINE('',#2596,#599);
#439=LINE('',#2598,#600);
#440=LINE('',#2600,#601);
#441=LINE('',#2602,#602);
#442=LINE('',#2619,#603);
#443=LINE('',#2648,#604);
#444=LINE('',#2668,#605);
#445=LINE('',#2670,#606);
#446=LINE('',#2671,#607);
#447=LINE('',#2674,#608);
#448=LINE('',#2676,#609);
#449=LINE('',#2678,#610);
#450=LINE('',#2680,#611);
#451=LINE('',#2687,#612);
#452=LINE('',#2688,#613);
#453=LINE('',#2690,#614);
#454=LINE('',#2692,#615);
#455=LINE('',#2709,#616);
#456=LINE('',#2738,#617);
#457=LINE('',#2760,#618);
#458=LINE('',#2764,#619);
#459=LINE('',#2767,#620);
#460=LINE('',#2769,#621);
#461=LINE('',#2773,#622);
#462=LINE('',#2777,#623);
#463=LINE('',#2780,#624);
#464=LINE('',#2781,#625);
#465=LINE('',#2784,#626);
#466=LINE('',#2786,#627);
#467=LINE('',#2787,#628);
#468=LINE('',#2792,#629);
#469=LINE('',#2793,#630);
#470=LINE('',#2797,#631);
#471=LINE('',#2801,#632);
#472=LINE('',#2806,#633);
#473=LINE('',#2807,#634);
#474=LINE('',#2808,#635);
#475=LINE('',#2812,#636);
#476=LINE('',#2813,#637);
#477=LINE('',#2814,#638);
#478=LINE('',#2816,#639);
#479=LINE('',#2817,#640);
#480=LINE('',#2819,#641);
#481=LINE('',#2820,#642);
#482=LINE('',#2821,#643);
#483=LINE('',#2823,#644);
#484=LINE('',#2824,#645);
#485=LINE('',#2826,#646);
#486=LINE('',#2827,#647);
#487=LINE('',#2828,#648);
#488=LINE('',#2843,#649);
#489=LINE('',#2847,#650);
#490=LINE('',#2851,#651);
#491=LINE('',#2855,#652);
#492=LINE('',#2857,#653);
#493=LINE('',#2859,#654);
#494=LINE('',#2861,#655);
#495=LINE('',#2863,#656);
#496=LINE('',#2867,#657);
#497=LINE('',#2869,#658);
#498=LINE('',#2871,#659);
#499=LINE('',#2872,#660);
#500=LINE('',#2889,#661);
#501=LINE('',#2891,#662);
#502=LINE('',#2892,#663);
#503=LINE('',#2895,#664);
#504=LINE('',#2899,#665);
#505=LINE('',#2902,#666);
#506=LINE('',#2905,#667);
#507=LINE('',#2907,#668);
#508=LINE('',#2908,#669);
#509=LINE('',#2911,#670);
#510=LINE('',#2913,#671);
#511=LINE('',#2914,#672);
#512=LINE('',#2916,#673);
#513=LINE('',#2920,#674);
#514=LINE('',#2924,#675);
#515=LINE('',#2928,#676);
#516=LINE('',#2932,#677);
#517=LINE('',#2936,#678);
#518=LINE('',#2940,#679);
#519=LINE('',#2942,#680);
#520=LINE('',#2945,#681);
#521=LINE('',#2947,#682);
#522=LINE('',#2948,#683);
#523=LINE('',#2951,#684);
#524=LINE('',#2952,#685);
#525=LINE('',#2957,#686);
#526=LINE('',#2963,#687);
#527=LINE('',#2969,#688);
#528=LINE('',#2975,#689);
#529=LINE('',#2981,#690);
#530=LINE('',#2987,#691);
#531=LINE('',#2993,#692);
#532=LINE('',#2999,#693);
#533=LINE('',#3005,#694);
#534=LINE('',#3014,#695);
#535=LINE('',#3018,#696);
#536=LINE('',#3021,#697);
#537=LINE('',#3023,#698);
#538=LINE('',#3024,#699);
#539=LINE('',#3027,#700);
#540=LINE('',#3028,#701);
#541=LINE('',#3031,#702);
#542=LINE('',#3032,#703);
#543=LINE('',#3034,#704);
#544=LINE('',#3036,#705);
#545=VECTOR('',#1956,10.);
#546=VECTOR('',#1957,10.);
#547=VECTOR('',#1958,10.);
#548=VECTOR('',#1959,10.);
#549=VECTOR('',#1966,10.);
#550=VECTOR('',#1971,10.);
#551=VECTOR('',#1974,10.);
#552=VECTOR('',#1979,10.);
#553=VECTOR('',#1982,10.);
#554=VECTOR('',#1985,10.);
#555=VECTOR('',#1988,10.);
#556=VECTOR('',#1991,10.);
#557=VECTOR('',#1994,10.);
#558=VECTOR('',#1997,10.);
#559=VECTOR('',#1998,10.);
#560=VECTOR('',#2003,10.);
#561=VECTOR('',#2006,10.);
#562=VECTOR('',#2009,10.);
#563=VECTOR('',#2012,10.);
#564=VECTOR('',#2013,10.);
#565=VECTOR('',#2014,10.);
#566=VECTOR('',#2015,10.);
#567=VECTOR('',#2016,10.);
#568=VECTOR('',#2017,10.);
#569=VECTOR('',#2022,10.);
#570=VECTOR('',#2025,10.);
#571=VECTOR('',#2028,10.);
#572=VECTOR('',#2029,10.);
#573=VECTOR('',#2030,10.);
#574=VECTOR('',#2031,10.);
#575=VECTOR('',#2032,10.);
#576=VECTOR('',#2035,10.);
#577=VECTOR('',#2036,10.);
#578=VECTOR('',#2037,10.);
#579=VECTOR('',#2040,10.);
#580=VECTOR('',#2041,10.);
#581=VECTOR('',#2044,10.);
#582=VECTOR('',#2045,10.);
#583=VECTOR('',#2048,10.);
#584=VECTOR('',#2049,10.);
#585=VECTOR('',#2050,10.);
#586=VECTOR('',#2051,10.);
#587=VECTOR('',#2052,10.);
#588=VECTOR('',#2053,10.);
#589=VECTOR('',#2054,10.);
#590=VECTOR('',#2057,10.);
#591=VECTOR('',#2058,10.);
#592=VECTOR('',#2061,10.);
#593=VECTOR('',#2064,10.);
#594=VECTOR('',#2065,10.);
#595=VECTOR('',#2066,10.);
#596=VECTOR('',#2067,10.);
#597=VECTOR('',#2068,10.);
#598=VECTOR('',#2075,10.);
#599=VECTOR('',#2076,10.);
#600=VECTOR('',#2077,10.);
#601=VECTOR('',#2078,10.);
#602=VECTOR('',#2079,10.);
#603=VECTOR('',#2086,2.5);
#604=VECTOR('',#2093,2.5);
#605=VECTOR('',#2102,10.);
#606=VECTOR('',#2103,10.);
#607=VECTOR('',#2104,10.);
#608=VECTOR('',#2107,10.);
#609=VECTOR('',#2108,10.);
#610=VECTOR('',#2109,10.);
#611=VECTOR('',#2110,10.);
#612=VECTOR('',#2117,10.);
#613=VECTOR('',#2118,10.);
#614=VECTOR('',#2119,10.);
#615=VECTOR('',#2120,10.);
#616=VECTOR('',#2127,2.5);
#617=VECTOR('',#2134,2.5);
#618=VECTOR('',#2145,10.);
#619=VECTOR('',#2148,10.);
#620=VECTOR('',#2151,10.);
#621=VECTOR('',#2152,10.);
#622=VECTOR('',#2155,10.);
#623=VECTOR('',#2160,10.);
#624=VECTOR('',#2163,10.);
#625=VECTOR('',#2164,10.);
#626=VECTOR('',#2167,10.);
#627=VECTOR('',#2168,10.);
#628=VECTOR('',#2169,10.);
#629=VECTOR('',#2174,10.);
#630=VECTOR('',#2175,10.);
#631=VECTOR('',#2178,10.);
#632=VECTOR('',#2181,10.);
#633=VECTOR('',#2186,10.);
#634=VECTOR('',#2187,10.);
#635=VECTOR('',#2188,10.);
#636=VECTOR('',#2195,10.);
#637=VECTOR('',#2196,10.);
#638=VECTOR('',#2197,10.);
#639=VECTOR('',#2200,10.);
#640=VECTOR('',#2201,10.);
#641=VECTOR('',#2204,10.);
#642=VECTOR('',#2205,10.);
#643=VECTOR('',#2206,10.);
#644=VECTOR('',#2209,10.);
#645=VECTOR('',#2210,10.);
#646=VECTOR('',#2213,10.);
#647=VECTOR('',#2214,10.);
#648=VECTOR('',#2215,10.);
#649=VECTOR('',#2240,10.);
#650=VECTOR('',#2243,10.);
#651=VECTOR('',#2246,10.);
#652=VECTOR('',#2249,10.);
#653=VECTOR('',#2250,10.);
#654=VECTOR('',#2251,10.);
#655=VECTOR('',#2252,10.);
#656=VECTOR('',#2253,10.);
#657=VECTOR('',#2256,10.);
#658=VECTOR('',#2257,10.);
#659=VECTOR('',#2258,10.);
#660=VECTOR('',#2259,10.);
#661=VECTOR('',#2276,10.);
#662=VECTOR('',#2277,10.);
#663=VECTOR('',#2278,10.);
#664=VECTOR('',#2281,10.);
#665=VECTOR('',#2286,10.);
#666=VECTOR('',#2289,10.);
#667=VECTOR('',#2292,10.);
#668=VECTOR('',#2293,10.);
#669=VECTOR('',#2294,10.);
#670=VECTOR('',#2297,10.);
#671=VECTOR('',#2298,10.);
#672=VECTOR('',#2299,10.);
#673=VECTOR('',#2302,10.);
#674=VECTOR('',#2307,1.5);
#675=VECTOR('',#2312,1.5);
#676=VECTOR('',#2317,1.5);
#677=VECTOR('',#2322,1.5);
#678=VECTOR('',#2327,1.5);
#679=VECTOR('',#2332,1.5);
#680=VECTOR('',#2335,10.);
#681=VECTOR('',#2338,10.);
#682=VECTOR('',#2339,10.);
#683=VECTOR('',#2340,10.);
#684=VECTOR('',#2343,10.);
#685=VECTOR('',#2344,10.);
#686=VECTOR('',#2349,0.5);
#687=VECTOR('',#2356,0.499999999999998);
#688=VECTOR('',#2363,0.5);
#689=VECTOR('',#2370,0.5);
#690=VECTOR('',#2377,0.5);
#691=VECTOR('',#2384,0.499999999999998);
#692=VECTOR('',#2391,0.5);
#693=VECTOR('',#2398,0.499999999999998);
#694=VECTOR('',#2405,0.5);
#695=VECTOR('',#2416,7.50000011175871);
#696=VECTOR('',#2423,7.00000265169571);
#697=VECTOR('',#2426,10.);
#698=VECTOR('',#2427,10.);
#699=VECTOR('',#2428,10.);
#700=VECTOR('',#2431,10.);
#701=VECTOR('',#2432,10.);
#702=VECTOR('',#2435,10.);
#703=VECTOR('',#2436,10.);
#704=VECTOR('',#2439,10.);
#705=VECTOR('',#2442,10.);
#706=VERTEX_POINT('',#2455);
#707=VERTEX_POINT('',#2456);
#708=VERTEX_POINT('',#2458);
#709=VERTEX_POINT('',#2460);
#710=VERTEX_POINT('',#2464);
#711=VERTEX_POINT('',#2466);
#712=VERTEX_POINT('',#2470);
#713=VERTEX_POINT('',#2471);
#714=VERTEX_POINT('',#2473);
#715=VERTEX_POINT('',#2475);
#716=VERTEX_POINT('',#2479);
#717=VERTEX_POINT('',#2480);
#718=VERTEX_POINT('',#2482);
#719=VERTEX_POINT('',#2484);
#720=VERTEX_POINT('',#2486);
#721=VERTEX_POINT('',#2488);
#722=VERTEX_POINT('',#2490);
#723=VERTEX_POINT('',#2492);
#724=VERTEX_POINT('',#2496);
#725=VERTEX_POINT('',#2498);
#726=VERTEX_POINT('',#2502);
#727=VERTEX_POINT('',#2506);
#728=VERTEX_POINT('',#2510);
#729=VERTEX_POINT('',#2512);
#730=VERTEX_POINT('',#2516);
#731=VERTEX_POINT('',#2517);
#732=VERTEX_POINT('',#2519);
#733=VERTEX_POINT('',#2522);
#734=VERTEX_POINT('',#2524);
#735=VERTEX_POINT('',#2528);
#736=VERTEX_POINT('',#2534);
#737=VERTEX_POINT('',#2535);
#738=VERTEX_POINT('',#2537);
#739=VERTEX_POINT('',#2539);
#740=VERTEX_POINT('',#2544);
#741=VERTEX_POINT('',#2545);
#742=VERTEX_POINT('',#2550);
#743=VERTEX_POINT('',#2554);
#744=VERTEX_POINT('',#2558);
#745=VERTEX_POINT('',#2560);
#746=VERTEX_POINT('',#2562);
#747=VERTEX_POINT('',#2564);
#748=VERTEX_POINT('',#2566);
#749=VERTEX_POINT('',#2568);
#750=VERTEX_POINT('',#2577);
#751=VERTEX_POINT('',#2578);
#752=VERTEX_POINT('',#2580);
#753=VERTEX_POINT('',#2582);
#754=VERTEX_POINT('',#2584);
#755=VERTEX_POINT('',#2586);
#756=VERTEX_POINT('',#2588);
#757=VERTEX_POINT('',#2592);
#758=VERTEX_POINT('',#2593);
#759=VERTEX_POINT('',#2595);
#760=VERTEX_POINT('',#2597);
#761=VERTEX_POINT('',#2599);
#762=VERTEX_POINT('',#2601);
#763=VERTEX_POINT('',#2603);
#764=VERTEX_POINT('',#2618);
#765=VERTEX_POINT('',#2620);
#766=VERTEX_POINT('',#2622);
#767=VERTEX_POINT('',#2647);
#768=VERTEX_POINT('',#2649);
#769=VERTEX_POINT('',#2651);
#770=VERTEX_POINT('',#2665);
#771=VERTEX_POINT('',#2666);
#772=VERTEX_POINT('',#2669);
#773=VERTEX_POINT('',#2673);
#774=VERTEX_POINT('',#2675);
#775=VERTEX_POINT('',#2677);
#776=VERTEX_POINT('',#2679);
#777=VERTEX_POINT('',#2681);
#778=VERTEX_POINT('',#2685);
#779=VERTEX_POINT('',#2686);
#780=VERTEX_POINT('',#2689);
#781=VERTEX_POINT('',#2691);
#782=VERTEX_POINT('',#2693);
#783=VERTEX_POINT('',#2708);
#784=VERTEX_POINT('',#2710);
#785=VERTEX_POINT('',#2712);
#786=VERTEX_POINT('',#2737);
#787=VERTEX_POINT('',#2739);
#788=VERTEX_POINT('',#2741);
#789=VERTEX_POINT('',#2755);
#790=VERTEX_POINT('',#2757);
#791=VERTEX_POINT('',#2759);
#792=VERTEX_POINT('',#2761);
#793=VERTEX_POINT('',#2763);
#794=VERTEX_POINT('',#2766);
#795=VERTEX_POINT('',#2768);
#796=VERTEX_POINT('',#2770);
#797=VERTEX_POINT('',#2772);
#798=VERTEX_POINT('',#2776);
#799=VERTEX_POINT('',#2779);
#800=VERTEX_POINT('',#2783);
#801=VERTEX_POINT('',#2785);
#802=VERTEX_POINT('',#2789);
#803=VERTEX_POINT('',#2791);
#804=VERTEX_POINT('',#2794);
#805=VERTEX_POINT('',#2796);
#806=VERTEX_POINT('',#2798);
#807=VERTEX_POINT('',#2800);
#808=VERTEX_POINT('',#2803);
#809=VERTEX_POINT('',#2805);
#810=VERTEX_POINT('',#2841);
#811=VERTEX_POINT('',#2842);
#812=VERTEX_POINT('',#2844);
#813=VERTEX_POINT('',#2846);
#814=VERTEX_POINT('',#2848);
#815=VERTEX_POINT('',#2850);
#816=VERTEX_POINT('',#2852);
#817=VERTEX_POINT('',#2854);
#818=VERTEX_POINT('',#2856);
#819=VERTEX_POINT('',#2858);
#820=VERTEX_POINT('',#2860);
#821=VERTEX_POINT('',#2862);
#822=VERTEX_POINT('',#2865);
#823=VERTEX_POINT('',#2866);
#824=VERTEX_POINT('',#2868);
#825=VERTEX_POINT('',#2870);
#826=VERTEX_POINT('',#2873);
#827=VERTEX_POINT('',#2875);
#828=VERTEX_POINT('',#2877);
#829=VERTEX_POINT('',#2879);
#830=VERTEX_POINT('',#2881);
#831=VERTEX_POINT('',#2883);
#832=VERTEX_POINT('',#2885);
#833=VERTEX_POINT('',#2888);
#834=VERTEX_POINT('',#2890);
#835=VERTEX_POINT('',#2894);
#836=VERTEX_POINT('',#2898);
#837=VERTEX_POINT('',#2900);
#838=VERTEX_POINT('',#2904);
#839=VERTEX_POINT('',#2906);
#840=VERTEX_POINT('',#2910);
#841=VERTEX_POINT('',#2912);
#842=VERTEX_POINT('',#2918);
#843=VERTEX_POINT('',#2922);
#844=VERTEX_POINT('',#2926);
#845=VERTEX_POINT('',#2930);
#846=VERTEX_POINT('',#2934);
#847=VERTEX_POINT('',#2938);
#848=VERTEX_POINT('',#2944);
#849=VERTEX_POINT('',#2946);
#850=VERTEX_POINT('',#2950);
#851=VERTEX_POINT('',#2954);
#852=VERTEX_POINT('',#2956);
#853=VERTEX_POINT('',#2960);
#854=VERTEX_POINT('',#2962);
#855=VERTEX_POINT('',#2966);
#856=VERTEX_POINT('',#2968);
#857=VERTEX_POINT('',#2972);
#858=VERTEX_POINT('',#2974);
#859=VERTEX_POINT('',#2978);
#860=VERTEX_POINT('',#2980);
#861=VERTEX_POINT('',#2984);
#862=VERTEX_POINT('',#2986);
#863=VERTEX_POINT('',#2990);
#864=VERTEX_POINT('',#2992);
#865=VERTEX_POINT('',#2996);
#866=VERTEX_POINT('',#2998);
#867=VERTEX_POINT('',#3002);
#868=VERTEX_POINT('',#3004);
#869=VERTEX_POINT('',#3008);
#870=VERTEX_POINT('',#3011);
#871=VERTEX_POINT('',#3013);
#872=VERTEX_POINT('',#3020);
#873=VERTEX_POINT('',#3022);
#874=VERTEX_POINT('',#3026);
#875=VERTEX_POINT('',#3030);
#876=EDGE_CURVE('',#706,#707,#384,.T.);
#877=EDGE_CURVE('',#708,#706,#385,.T.);
#878=EDGE_CURVE('',#709,#708,#386,.T.);
#879=EDGE_CURVE('',#709,#707,#387,.T.);
#880=EDGE_CURVE('',#707,#710,#59,.T.);
#881=EDGE_CURVE('',#709,#711,#60,.T.);
#882=EDGE_CURVE('',#711,#710,#388,.T.);
#883=EDGE_CURVE('',#712,#713,#61,.T.);
#884=EDGE_CURVE('',#714,#712,#389,.T.);
#885=EDGE_CURVE('',#714,#715,#62,.T.);
#886=EDGE_CURVE('',#715,#713,#390,.T.);
#887=EDGE_CURVE('',#716,#717,#63,.F.);
#888=EDGE_CURVE('',#718,#717,#391,.T.);
#889=EDGE_CURVE('',#718,#719,#64,.F.);
#890=EDGE_CURVE('',#720,#719,#392,.T.);
#891=EDGE_CURVE('',#720,#721,#65,.F.);
#892=EDGE_CURVE('',#722,#721,#393,.T.);
#893=EDGE_CURVE('',#722,#723,#66,.F.);
#894=EDGE_CURVE('',#716,#723,#394,.T.);
#895=EDGE_CURVE('',#716,#724,#395,.T.);
#896=EDGE_CURVE('',#725,#724,#67,.T.);
#897=EDGE_CURVE('',#717,#725,#396,.F.);
#898=EDGE_CURVE('',#726,#725,#397,.T.);
#899=EDGE_CURVE('',#718,#726,#398,.T.);
#900=EDGE_CURVE('',#727,#726,#68,.T.);
#901=EDGE_CURVE('',#719,#727,#399,.T.);
#902=EDGE_CURVE('',#720,#728,#400,.T.);
#903=EDGE_CURVE('',#729,#728,#69,.T.);
#904=EDGE_CURVE('',#721,#729,#401,.F.);
#905=EDGE_CURVE('',#730,#731,#402,.T.);
#906=EDGE_CURVE('',#732,#731,#403,.T.);
#907=EDGE_CURVE('',#722,#732,#404,.T.);
#908=EDGE_CURVE('',#733,#729,#405,.T.);
#909=EDGE_CURVE('',#733,#734,#406,.T.);
#910=EDGE_CURVE('',#734,#730,#407,.T.);
#911=EDGE_CURVE('',#735,#732,#70,.T.);
#912=EDGE_CURVE('',#723,#735,#408,.F.);
#913=EDGE_CURVE('',#724,#735,#409,.T.);
#914=EDGE_CURVE('',#736,#737,#410,.T.);
#915=EDGE_CURVE('',#737,#738,#411,.T.);
#916=EDGE_CURVE('',#738,#739,#412,.T.);
#917=EDGE_CURVE('',#728,#739,#413,.T.);
#918=EDGE_CURVE('',#736,#727,#414,.T.);
#919=EDGE_CURVE('',#740,#741,#415,.T.);
#920=EDGE_CURVE('',#740,#738,#416,.T.);
#921=EDGE_CURVE('',#741,#737,#417,.T.);
#922=EDGE_CURVE('',#741,#742,#418,.T.);
#923=EDGE_CURVE('',#742,#736,#419,.T.);
#924=EDGE_CURVE('',#743,#740,#420,.T.);
#925=EDGE_CURVE('',#739,#743,#421,.T.);
#926=EDGE_CURVE('',#713,#744,#422,.T.);
#927=EDGE_CURVE('',#745,#715,#423,.T.);
#928=EDGE_CURVE('',#745,#746,#424,.T.);
#929=EDGE_CURVE('',#747,#746,#425,.T.);
#930=EDGE_CURVE('',#747,#748,#426,.T.);
#931=EDGE_CURVE('',#748,#749,#427,.T.);
#932=EDGE_CURVE('',#749,#744,#428,.T.);
#933=EDGE_CURVE('',#749,#734,#429,.T.);
#934=EDGE_CURVE('',#730,#748,#430,.T.);
#935=EDGE_CURVE('',#744,#733,#431,.T.);
#936=EDGE_CURVE('',#750,#751,#432,.T.);
#937=EDGE_CURVE('',#752,#751,#433,.T.);
#938=EDGE_CURVE('',#753,#752,#434,.T.);
#939=EDGE_CURVE('',#753,#754,#435,.T.);
#940=EDGE_CURVE('',#754,#755,#436,.T.);
#941=EDGE_CURVE('',#755,#756,#71,.T.);
#942=EDGE_CURVE('',#756,#750,#72,.T.);
#943=EDGE_CURVE('',#757,#758,#437,.T.);
#944=EDGE_CURVE('',#759,#758,#438,.T.);
#945=EDGE_CURVE('',#760,#759,#439,.T.);
#946=EDGE_CURVE('',#760,#761,#440,.T.);
#947=EDGE_CURVE('',#761,#762,#441,.T.);
#948=EDGE_CURVE('',#762,#763,#73,.T.);
#949=EDGE_CURVE('',#763,#757,#74,.T.);
#950=EDGE_CURVE('',#762,#757,#51,.T.);
#951=EDGE_CURVE('',#763,#764,#442,.T.);
#952=EDGE_CURVE('',#765,#764,#75,.T.);
#953=EDGE_CURVE('',#765,#766,#52,.T.);
#954=EDGE_CURVE('',#764,#766,#76,.T.);
#955=EDGE_CURVE('',#755,#750,#53,.T.);
#956=EDGE_CURVE('',#756,#767,#443,.T.);
#957=EDGE_CURVE('',#768,#767,#77,.T.);
#958=EDGE_CURVE('',#768,#769,#54,.T.);
#959=EDGE_CURVE('',#767,#769,#78,.T.);
#960=EDGE_CURVE('',#770,#771,#79,.T.);
#961=EDGE_CURVE('',#712,#771,#444,.T.);
#962=EDGE_CURVE('',#743,#772,#445,.T.);
#963=EDGE_CURVE('',#772,#770,#446,.T.);
#964=EDGE_CURVE('',#773,#770,#447,.T.);
#965=EDGE_CURVE('',#774,#772,#448,.T.);
#966=EDGE_CURVE('',#774,#775,#449,.T.);
#967=EDGE_CURVE('',#775,#776,#450,.T.);
#968=EDGE_CURVE('',#776,#777,#80,.T.);
#969=EDGE_CURVE('',#777,#773,#81,.T.);
#970=EDGE_CURVE('',#778,#779,#451,.T.);
#971=EDGE_CURVE('',#710,#779,#452,.T.);
#972=EDGE_CURVE('',#711,#780,#453,.T.);
#973=EDGE_CURVE('',#780,#781,#454,.T.);
#974=EDGE_CURVE('',#781,#782,#82,.T.);
#975=EDGE_CURVE('',#782,#778,#83,.T.);
#976=EDGE_CURVE('',#781,#778,#55,.T.);
#977=EDGE_CURVE('',#782,#783,#455,.T.);
#978=EDGE_CURVE('',#784,#783,#84,.T.);
#979=EDGE_CURVE('',#784,#785,#56,.T.);
#980=EDGE_CURVE('',#783,#785,#85,.T.);
#981=EDGE_CURVE('',#776,#773,#57,.T.);
#982=EDGE_CURVE('',#777,#786,#456,.T.);
#983=EDGE_CURVE('',#787,#786,#86,.T.);
#984=EDGE_CURVE('',#787,#788,#58,.T.);
#985=EDGE_CURVE('',#786,#788,#87,.T.);
#986=EDGE_CURVE('',#789,#780,#88,.T.);
#987=EDGE_CURVE('',#790,#708,#89,.T.);
#988=EDGE_CURVE('',#790,#791,#457,.T.);
#989=EDGE_CURVE('',#791,#792,#90,.T.);
#990=EDGE_CURVE('',#793,#792,#458,.T.);
#991=EDGE_CURVE('',#793,#754,#91,.T.);
#992=EDGE_CURVE('',#753,#794,#459,.T.);
#993=EDGE_CURVE('',#794,#795,#460,.T.);
#994=EDGE_CURVE('',#795,#796,#92,.T.);
#995=EDGE_CURVE('',#797,#796,#461,.T.);
#996=EDGE_CURVE('',#797,#761,#93,.T.);
#997=EDGE_CURVE('',#745,#760,#94,.T.);
#998=EDGE_CURVE('',#714,#798,#462,.T.);
#999=EDGE_CURVE('',#798,#775,#95,.T.);
#1000=EDGE_CURVE('',#774,#799,#463,.T.);
#1001=EDGE_CURVE('',#799,#789,#464,.T.);
#1002=EDGE_CURVE('',#796,#800,#465,.T.);
#1003=EDGE_CURVE('',#800,#801,#466,.T.);
#1004=EDGE_CURVE('',#801,#797,#467,.T.);
#1005=EDGE_CURVE('',#800,#802,#96,.T.);
#1006=EDGE_CURVE('',#803,#802,#468,.T.);
#1007=EDGE_CURVE('',#803,#752,#469,.T.);
#1008=EDGE_CURVE('',#751,#804,#97,.T.);
#1009=EDGE_CURVE('',#805,#804,#470,.T.);
#1010=EDGE_CURVE('',#805,#806,#98,.T.);
#1011=EDGE_CURVE('',#807,#806,#471,.T.);
#1012=EDGE_CURVE('',#807,#706,#99,.T.);
#1013=EDGE_CURVE('',#779,#808,#100,.T.);
#1014=EDGE_CURVE('',#809,#808,#472,.T.);
#1015=EDGE_CURVE('',#809,#742,#473,.T.);
#1016=EDGE_CURVE('',#731,#747,#474,.T.);
#1017=EDGE_CURVE('',#746,#759,#101,.T.);
#1018=EDGE_CURVE('',#758,#801,#102,.T.);
#1019=EDGE_CURVE('',#769,#791,#475,.T.);
#1020=EDGE_CURVE('',#790,#807,#476,.T.);
#1021=EDGE_CURVE('',#806,#768,#477,.T.);
#1022=EDGE_CURVE('',#804,#793,#478,.T.);
#1023=EDGE_CURVE('',#792,#805,#479,.T.);
#1024=EDGE_CURVE('',#766,#795,#480,.T.);
#1025=EDGE_CURVE('',#803,#794,#481,.T.);
#1026=EDGE_CURVE('',#802,#765,#482,.T.);
#1027=EDGE_CURVE('',#788,#798,#483,.T.);
#1028=EDGE_CURVE('',#771,#787,#484,.T.);
#1029=EDGE_CURVE('',#785,#789,#485,.T.);
#1030=EDGE_CURVE('',#809,#799,#486,.T.);
#1031=EDGE_CURVE('',#808,#784,#487,.T.);
#1032=EDGE_CURVE('',#810,#811,#488,.T.);
#1033=EDGE_CURVE('',#812,#810,#103,.T.);
#1034=EDGE_CURVE('',#813,#812,#489,.T.);
#1035=EDGE_CURVE('',#814,#813,#104,.T.);
#1036=EDGE_CURVE('',#815,#814,#490,.T.);
#1037=EDGE_CURVE('',#816,#815,#105,.T.);
#1038=EDGE_CURVE('',#817,#816,#491,.T.);
#1039=EDGE_CURVE('',#817,#818,#492,.T.);
#1040=EDGE_CURVE('',#818,#819,#493,.T.);
#1041=EDGE_CURVE('',#820,#819,#494,.T.);
#1042=EDGE_CURVE('',#821,#820,#495,.T.);
#1043=EDGE_CURVE('',#811,#821,#106,.T.);
#1044=EDGE_CURVE('',#822,#823,#496,.T.);
#1045=EDGE_CURVE('',#823,#824,#497,.T.);
#1046=EDGE_CURVE('',#824,#825,#498,.T.);
#1047=EDGE_CURVE('',#825,#822,#499,.T.);
#1048=EDGE_CURVE('',#826,#826,#107,.T.);
#1049=EDGE_CURVE('',#827,#827,#108,.T.);
#1050=EDGE_CURVE('',#828,#828,#109,.T.);
#1051=EDGE_CURVE('',#829,#829,#110,.T.);
#1052=EDGE_CURVE('',#830,#830,#111,.T.);
#1053=EDGE_CURVE('',#831,#831,#112,.T.);
#1054=EDGE_CURVE('',#832,#832,#113,.T.);
#1055=EDGE_CURVE('',#812,#833,#500,.T.);
#1056=EDGE_CURVE('',#834,#833,#501,.T.);
#1057=EDGE_CURVE('',#813,#834,#502,.T.);
#1058=EDGE_CURVE('',#810,#835,#503,.T.);
#1059=EDGE_CURVE('',#833,#835,#114,.T.);
#1060=EDGE_CURVE('',#821,#836,#504,.T.);
#1061=EDGE_CURVE('',#837,#836,#115,.T.);
#1062=EDGE_CURVE('',#811,#837,#505,.T.);
#1063=EDGE_CURVE('',#838,#819,#506,.T.);
#1064=EDGE_CURVE('',#839,#838,#507,.T.);
#1065=EDGE_CURVE('',#820,#839,#508,.T.);
#1066=EDGE_CURVE('',#816,#840,#509,.T.);
#1067=EDGE_CURVE('',#841,#840,#510,.T.);
#1068=EDGE_CURVE('',#841,#817,#511,.T.);
#1069=EDGE_CURVE('',#836,#839,#512,.T.);
#1070=EDGE_CURVE('',#842,#842,#116,.T.);
#1071=EDGE_CURVE('',#842,#832,#513,.T.);
#1072=EDGE_CURVE('',#843,#843,#117,.T.);
#1073=EDGE_CURVE('',#843,#831,#514,.T.);
#1074=EDGE_CURVE('',#844,#844,#118,.T.);
#1075=EDGE_CURVE('',#844,#830,#515,.T.);
#1076=EDGE_CURVE('',#845,#845,#119,.T.);
#1077=EDGE_CURVE('',#845,#829,#516,.T.);
#1078=EDGE_CURVE('',#846,#846,#120,.T.);
#1079=EDGE_CURVE('',#846,#828,#517,.T.);
#1080=EDGE_CURVE('',#847,#847,#121,.T.);
#1081=EDGE_CURVE('',#847,#827,#518,.T.);
#1082=EDGE_CURVE('',#835,#837,#519,.T.);
#1083=EDGE_CURVE('',#814,#848,#520,.T.);
#1084=EDGE_CURVE('',#849,#848,#521,.T.);
#1085=EDGE_CURVE('',#815,#849,#522,.T.);
#1086=EDGE_CURVE('',#850,#818,#523,.T.);
#1087=EDGE_CURVE('',#838,#850,#524,.T.);
#1088=EDGE_CURVE('',#851,#851,#122,.T.);
#1089=EDGE_CURVE('',#851,#852,#525,.T.);
#1090=EDGE_CURVE('',#852,#852,#123,.T.);
#1091=EDGE_CURVE('',#853,#853,#124,.T.);
#1092=EDGE_CURVE('',#853,#854,#526,.T.);
#1093=EDGE_CURVE('',#854,#854,#125,.T.);
#1094=EDGE_CURVE('',#855,#855,#126,.T.);
#1095=EDGE_CURVE('',#855,#856,#527,.T.);
#1096=EDGE_CURVE('',#856,#856,#127,.T.);
#1097=EDGE_CURVE('',#857,#857,#128,.T.);
#1098=EDGE_CURVE('',#857,#858,#528,.T.);
#1099=EDGE_CURVE('',#858,#858,#129,.T.);
#1100=EDGE_CURVE('',#859,#859,#130,.T.);
#1101=EDGE_CURVE('',#859,#860,#529,.T.);
#1102=EDGE_CURVE('',#860,#860,#131,.T.);
#1103=EDGE_CURVE('',#861,#861,#132,.T.);
#1104=EDGE_CURVE('',#861,#862,#530,.T.);
#1105=EDGE_CURVE('',#862,#862,#133,.T.);
#1106=EDGE_CURVE('',#863,#863,#134,.T.);
#1107=EDGE_CURVE('',#863,#864,#531,.T.);
#1108=EDGE_CURVE('',#864,#864,#135,.T.);
#1109=EDGE_CURVE('',#865,#865,#136,.T.);
#1110=EDGE_CURVE('',#865,#866,#532,.T.);
#1111=EDGE_CURVE('',#866,#866,#137,.T.);
#1112=EDGE_CURVE('',#867,#867,#138,.T.);
#1113=EDGE_CURVE('',#867,#868,#533,.T.);
#1114=EDGE_CURVE('',#868,#868,#139,.T.);
#1115=EDGE_CURVE('',#869,#869,#140,.T.);
#1116=EDGE_CURVE('',#870,#870,#141,.T.);
#1117=EDGE_CURVE('',#870,#871,#534,.T.);
#1118=EDGE_CURVE('',#871,#871,#142,.T.);
#1119=EDGE_CURVE('',#869,#826,#535,.T.);
#1120=EDGE_CURVE('',#872,#824,#536,.T.);
#1121=EDGE_CURVE('',#873,#872,#537,.T.);
#1122=EDGE_CURVE('',#873,#825,#538,.T.);
#1123=EDGE_CURVE('',#874,#873,#539,.T.);
#1124=EDGE_CURVE('',#874,#822,#540,.T.);
#1125=EDGE_CURVE('',#875,#874,#541,.T.);
#1126=EDGE_CURVE('',#875,#823,#542,.T.);
#1127=EDGE_CURVE('',#872,#875,#543,.T.);
#1128=EDGE_CURVE('',#850,#841,#544,.T.);
#1129=EDGE_CURVE('',#840,#849,#143,.T.);
#1130=EDGE_CURVE('',#848,#834,#144,.T.);
#1131=ORIENTED_EDGE('',*,*,#876,.F.);
#1132=ORIENTED_EDGE('',*,*,#877,.F.);
#1133=ORIENTED_EDGE('',*,*,#878,.F.);
#1134=ORIENTED_EDGE('',*,*,#879,.T.);
#1135=ORIENTED_EDGE('',*,*,#880,.F.);
#1136=ORIENTED_EDGE('',*,*,#879,.F.);
#1137=ORIENTED_EDGE('',*,*,#881,.T.);
#1138=ORIENTED_EDGE('',*,*,#882,.T.);
#1139=ORIENTED_EDGE('',*,*,#883,.F.);
#1140=ORIENTED_EDGE('',*,*,#884,.F.);
#1141=ORIENTED_EDGE('',*,*,#885,.T.);
#1142=ORIENTED_EDGE('',*,*,#886,.T.);
#1143=ORIENTED_EDGE('',*,*,#887,.T.);
#1144=ORIENTED_EDGE('',*,*,#888,.F.);
#1145=ORIENTED_EDGE('',*,*,#889,.T.);
#1146=ORIENTED_EDGE('',*,*,#890,.F.);
#1147=ORIENTED_EDGE('',*,*,#891,.T.);
#1148=ORIENTED_EDGE('',*,*,#892,.F.);
#1149=ORIENTED_EDGE('',*,*,#893,.T.);
#1150=ORIENTED_EDGE('',*,*,#894,.F.);
#1151=ORIENTED_EDGE('',*,*,#887,.F.);
#1152=ORIENTED_EDGE('',*,*,#895,.T.);
#1153=ORIENTED_EDGE('',*,*,#896,.F.);
#1154=ORIENTED_EDGE('',*,*,#897,.F.);
#1155=ORIENTED_EDGE('',*,*,#888,.T.);
#1156=ORIENTED_EDGE('',*,*,#897,.T.);
#1157=ORIENTED_EDGE('',*,*,#898,.F.);
#1158=ORIENTED_EDGE('',*,*,#899,.F.);
#1159=ORIENTED_EDGE('',*,*,#889,.F.);
#1160=ORIENTED_EDGE('',*,*,#899,.T.);
#1161=ORIENTED_EDGE('',*,*,#900,.F.);
#1162=ORIENTED_EDGE('',*,*,#901,.F.);
#1163=ORIENTED_EDGE('',*,*,#891,.F.);
#1164=ORIENTED_EDGE('',*,*,#902,.T.);
#1165=ORIENTED_EDGE('',*,*,#903,.F.);
#1166=ORIENTED_EDGE('',*,*,#904,.F.);
#1167=ORIENTED_EDGE('',*,*,#905,.T.);
#1168=ORIENTED_EDGE('',*,*,#906,.F.);
#1169=ORIENTED_EDGE('',*,*,#907,.F.);
#1170=ORIENTED_EDGE('',*,*,#892,.T.);
#1171=ORIENTED_EDGE('',*,*,#904,.T.);
#1172=ORIENTED_EDGE('',*,*,#908,.F.);
#1173=ORIENTED_EDGE('',*,*,#909,.T.);
#1174=ORIENTED_EDGE('',*,*,#910,.T.);
#1175=ORIENTED_EDGE('',*,*,#893,.F.);
#1176=ORIENTED_EDGE('',*,*,#907,.T.);
#1177=ORIENTED_EDGE('',*,*,#911,.F.);
#1178=ORIENTED_EDGE('',*,*,#912,.F.);
#1179=ORIENTED_EDGE('',*,*,#894,.T.);
#1180=ORIENTED_EDGE('',*,*,#912,.T.);
#1181=ORIENTED_EDGE('',*,*,#913,.F.);
#1182=ORIENTED_EDGE('',*,*,#895,.F.);
#1183=ORIENTED_EDGE('',*,*,#914,.T.);
#1184=ORIENTED_EDGE('',*,*,#915,.T.);
#1185=ORIENTED_EDGE('',*,*,#916,.T.);
#1186=ORIENTED_EDGE('',*,*,#917,.F.);
#1187=ORIENTED_EDGE('',*,*,#902,.F.);
#1188=ORIENTED_EDGE('',*,*,#890,.T.);
#1189=ORIENTED_EDGE('',*,*,#901,.T.);
#1190=ORIENTED_EDGE('',*,*,#918,.F.);
#1191=ORIENTED_EDGE('',*,*,#919,.F.);
#1192=ORIENTED_EDGE('',*,*,#920,.T.);
#1193=ORIENTED_EDGE('',*,*,#915,.F.);
#1194=ORIENTED_EDGE('',*,*,#921,.F.);
#1195=ORIENTED_EDGE('',*,*,#922,.F.);
#1196=ORIENTED_EDGE('',*,*,#921,.T.);
#1197=ORIENTED_EDGE('',*,*,#914,.F.);
#1198=ORIENTED_EDGE('',*,*,#923,.F.);
#1199=ORIENTED_EDGE('',*,*,#924,.F.);
#1200=ORIENTED_EDGE('',*,*,#925,.F.);
#1201=ORIENTED_EDGE('',*,*,#916,.F.);
#1202=ORIENTED_EDGE('',*,*,#920,.F.);
#1203=ORIENTED_EDGE('',*,*,#926,.F.);
#1204=ORIENTED_EDGE('',*,*,#886,.F.);
#1205=ORIENTED_EDGE('',*,*,#927,.F.);
#1206=ORIENTED_EDGE('',*,*,#928,.T.);
#1207=ORIENTED_EDGE('',*,*,#929,.F.);
#1208=ORIENTED_EDGE('',*,*,#930,.T.);
#1209=ORIENTED_EDGE('',*,*,#931,.T.);
#1210=ORIENTED_EDGE('',*,*,#932,.T.);
#1211=ORIENTED_EDGE('',*,*,#910,.F.);
#1212=ORIENTED_EDGE('',*,*,#933,.F.);
#1213=ORIENTED_EDGE('',*,*,#931,.F.);
#1214=ORIENTED_EDGE('',*,*,#934,.F.);
#1215=ORIENTED_EDGE('',*,*,#935,.F.);
#1216=ORIENTED_EDGE('',*,*,#932,.F.);
#1217=ORIENTED_EDGE('',*,*,#933,.T.);
#1218=ORIENTED_EDGE('',*,*,#909,.F.);
#1219=ORIENTED_EDGE('',*,*,#936,.T.);
#1220=ORIENTED_EDGE('',*,*,#937,.F.);
#1221=ORIENTED_EDGE('',*,*,#938,.F.);
#1222=ORIENTED_EDGE('',*,*,#939,.T.);
#1223=ORIENTED_EDGE('',*,*,#940,.T.);
#1224=ORIENTED_EDGE('',*,*,#941,.T.);
#1225=ORIENTED_EDGE('',*,*,#942,.T.);
#1226=ORIENTED_EDGE('',*,*,#943,.T.);
#1227=ORIENTED_EDGE('',*,*,#944,.F.);
#1228=ORIENTED_EDGE('',*,*,#945,.F.);
#1229=ORIENTED_EDGE('',*,*,#946,.T.);
#1230=ORIENTED_EDGE('',*,*,#947,.T.);
#1231=ORIENTED_EDGE('',*,*,#948,.T.);
#1232=ORIENTED_EDGE('',*,*,#949,.T.);
#1233=ORIENTED_EDGE('',*,*,#950,.T.);
#1234=ORIENTED_EDGE('',*,*,#949,.F.);
#1235=ORIENTED_EDGE('',*,*,#951,.T.);
#1236=ORIENTED_EDGE('',*,*,#952,.F.);
#1237=ORIENTED_EDGE('',*,*,#953,.T.);
#1238=ORIENTED_EDGE('',*,*,#954,.F.);
#1239=ORIENTED_EDGE('',*,*,#951,.F.);
#1240=ORIENTED_EDGE('',*,*,#948,.F.);
#1241=ORIENTED_EDGE('',*,*,#955,.T.);
#1242=ORIENTED_EDGE('',*,*,#942,.F.);
#1243=ORIENTED_EDGE('',*,*,#956,.T.);
#1244=ORIENTED_EDGE('',*,*,#957,.F.);
#1245=ORIENTED_EDGE('',*,*,#958,.T.);
#1246=ORIENTED_EDGE('',*,*,#959,.F.);
#1247=ORIENTED_EDGE('',*,*,#956,.F.);
#1248=ORIENTED_EDGE('',*,*,#941,.F.);
#1249=ORIENTED_EDGE('',*,*,#960,.T.);
#1250=ORIENTED_EDGE('',*,*,#961,.F.);
#1251=ORIENTED_EDGE('',*,*,#883,.T.);
#1252=ORIENTED_EDGE('',*,*,#926,.T.);
#1253=ORIENTED_EDGE('',*,*,#935,.T.);
#1254=ORIENTED_EDGE('',*,*,#908,.T.);
#1255=ORIENTED_EDGE('',*,*,#903,.T.);
#1256=ORIENTED_EDGE('',*,*,#917,.T.);
#1257=ORIENTED_EDGE('',*,*,#925,.T.);
#1258=ORIENTED_EDGE('',*,*,#962,.T.);
#1259=ORIENTED_EDGE('',*,*,#963,.T.);
#1260=ORIENTED_EDGE('',*,*,#964,.T.);
#1261=ORIENTED_EDGE('',*,*,#963,.F.);
#1262=ORIENTED_EDGE('',*,*,#965,.F.);
#1263=ORIENTED_EDGE('',*,*,#966,.T.);
#1264=ORIENTED_EDGE('',*,*,#967,.T.);
#1265=ORIENTED_EDGE('',*,*,#968,.T.);
#1266=ORIENTED_EDGE('',*,*,#969,.T.);
#1267=ORIENTED_EDGE('',*,*,#970,.T.);
#1268=ORIENTED_EDGE('',*,*,#971,.F.);
#1269=ORIENTED_EDGE('',*,*,#882,.F.);
#1270=ORIENTED_EDGE('',*,*,#972,.T.);
#1271=ORIENTED_EDGE('',*,*,#973,.T.);
#1272=ORIENTED_EDGE('',*,*,#974,.T.);
#1273=ORIENTED_EDGE('',*,*,#975,.T.);
#1274=ORIENTED_EDGE('',*,*,#976,.T.);
#1275=ORIENTED_EDGE('',*,*,#975,.F.);
#1276=ORIENTED_EDGE('',*,*,#977,.T.);
#1277=ORIENTED_EDGE('',*,*,#978,.F.);
#1278=ORIENTED_EDGE('',*,*,#979,.T.);
#1279=ORIENTED_EDGE('',*,*,#980,.F.);
#1280=ORIENTED_EDGE('',*,*,#977,.F.);
#1281=ORIENTED_EDGE('',*,*,#974,.F.);
#1282=ORIENTED_EDGE('',*,*,#981,.T.);
#1283=ORIENTED_EDGE('',*,*,#969,.F.);
#1284=ORIENTED_EDGE('',*,*,#982,.T.);
#1285=ORIENTED_EDGE('',*,*,#983,.F.);
#1286=ORIENTED_EDGE('',*,*,#984,.T.);
#1287=ORIENTED_EDGE('',*,*,#985,.F.);
#1288=ORIENTED_EDGE('',*,*,#982,.F.);
#1289=ORIENTED_EDGE('',*,*,#968,.F.);
#1290=ORIENTED_EDGE('',*,*,#986,.T.);
#1291=ORIENTED_EDGE('',*,*,#972,.F.);
#1292=ORIENTED_EDGE('',*,*,#881,.F.);
#1293=ORIENTED_EDGE('',*,*,#878,.T.);
#1294=ORIENTED_EDGE('',*,*,#987,.F.);
#1295=ORIENTED_EDGE('',*,*,#988,.T.);
#1296=ORIENTED_EDGE('',*,*,#989,.T.);
#1297=ORIENTED_EDGE('',*,*,#990,.F.);
#1298=ORIENTED_EDGE('',*,*,#991,.T.);
#1299=ORIENTED_EDGE('',*,*,#939,.F.);
#1300=ORIENTED_EDGE('',*,*,#992,.T.);
#1301=ORIENTED_EDGE('',*,*,#993,.T.);
#1302=ORIENTED_EDGE('',*,*,#994,.T.);
#1303=ORIENTED_EDGE('',*,*,#995,.F.);
#1304=ORIENTED_EDGE('',*,*,#996,.T.);
#1305=ORIENTED_EDGE('',*,*,#946,.F.);
#1306=ORIENTED_EDGE('',*,*,#997,.F.);
#1307=ORIENTED_EDGE('',*,*,#927,.T.);
#1308=ORIENTED_EDGE('',*,*,#885,.F.);
#1309=ORIENTED_EDGE('',*,*,#998,.T.);
#1310=ORIENTED_EDGE('',*,*,#999,.T.);
#1311=ORIENTED_EDGE('',*,*,#966,.F.);
#1312=ORIENTED_EDGE('',*,*,#1000,.T.);
#1313=ORIENTED_EDGE('',*,*,#1001,.T.);
#1314=ORIENTED_EDGE('',*,*,#1002,.T.);
#1315=ORIENTED_EDGE('',*,*,#1003,.T.);
#1316=ORIENTED_EDGE('',*,*,#1004,.T.);
#1317=ORIENTED_EDGE('',*,*,#995,.T.);
#1318=ORIENTED_EDGE('',*,*,#1005,.T.);
#1319=ORIENTED_EDGE('',*,*,#1006,.F.);
#1320=ORIENTED_EDGE('',*,*,#1007,.T.);
#1321=ORIENTED_EDGE('',*,*,#937,.T.);
#1322=ORIENTED_EDGE('',*,*,#1008,.T.);
#1323=ORIENTED_EDGE('',*,*,#1009,.F.);
#1324=ORIENTED_EDGE('',*,*,#1010,.T.);
#1325=ORIENTED_EDGE('',*,*,#1011,.F.);
#1326=ORIENTED_EDGE('',*,*,#1012,.T.);
#1327=ORIENTED_EDGE('',*,*,#876,.T.);
#1328=ORIENTED_EDGE('',*,*,#880,.T.);
#1329=ORIENTED_EDGE('',*,*,#971,.T.);
#1330=ORIENTED_EDGE('',*,*,#1013,.T.);
#1331=ORIENTED_EDGE('',*,*,#1014,.F.);
#1332=ORIENTED_EDGE('',*,*,#1015,.T.);
#1333=ORIENTED_EDGE('',*,*,#923,.T.);
#1334=ORIENTED_EDGE('',*,*,#918,.T.);
#1335=ORIENTED_EDGE('',*,*,#900,.T.);
#1336=ORIENTED_EDGE('',*,*,#898,.T.);
#1337=ORIENTED_EDGE('',*,*,#896,.T.);
#1338=ORIENTED_EDGE('',*,*,#913,.T.);
#1339=ORIENTED_EDGE('',*,*,#911,.T.);
#1340=ORIENTED_EDGE('',*,*,#906,.T.);
#1341=ORIENTED_EDGE('',*,*,#1016,.T.);
#1342=ORIENTED_EDGE('',*,*,#929,.T.);
#1343=ORIENTED_EDGE('',*,*,#1017,.T.);
#1344=ORIENTED_EDGE('',*,*,#944,.T.);
#1345=ORIENTED_EDGE('',*,*,#1018,.T.);
#1346=ORIENTED_EDGE('',*,*,#1003,.F.);
#1347=ORIENTED_EDGE('',*,*,#1019,.T.);
#1348=ORIENTED_EDGE('',*,*,#988,.F.);
#1349=ORIENTED_EDGE('',*,*,#1020,.T.);
#1350=ORIENTED_EDGE('',*,*,#1011,.T.);
#1351=ORIENTED_EDGE('',*,*,#1021,.T.);
#1352=ORIENTED_EDGE('',*,*,#957,.T.);
#1353=ORIENTED_EDGE('',*,*,#959,.T.);
#1354=ORIENTED_EDGE('',*,*,#1022,.T.);
#1355=ORIENTED_EDGE('',*,*,#990,.T.);
#1356=ORIENTED_EDGE('',*,*,#1023,.T.);
#1357=ORIENTED_EDGE('',*,*,#1009,.T.);
#1358=ORIENTED_EDGE('',*,*,#1024,.T.);
#1359=ORIENTED_EDGE('',*,*,#993,.F.);
#1360=ORIENTED_EDGE('',*,*,#1025,.F.);
#1361=ORIENTED_EDGE('',*,*,#1006,.T.);
#1362=ORIENTED_EDGE('',*,*,#1026,.T.);
#1363=ORIENTED_EDGE('',*,*,#952,.T.);
#1364=ORIENTED_EDGE('',*,*,#954,.T.);
#1365=ORIENTED_EDGE('',*,*,#1027,.T.);
#1366=ORIENTED_EDGE('',*,*,#998,.F.);
#1367=ORIENTED_EDGE('',*,*,#884,.T.);
#1368=ORIENTED_EDGE('',*,*,#961,.T.);
#1369=ORIENTED_EDGE('',*,*,#1028,.T.);
#1370=ORIENTED_EDGE('',*,*,#983,.T.);
#1371=ORIENTED_EDGE('',*,*,#985,.T.);
#1372=ORIENTED_EDGE('',*,*,#1029,.T.);
#1373=ORIENTED_EDGE('',*,*,#1001,.F.);
#1374=ORIENTED_EDGE('',*,*,#1030,.F.);
#1375=ORIENTED_EDGE('',*,*,#1014,.T.);
#1376=ORIENTED_EDGE('',*,*,#1031,.T.);
#1377=ORIENTED_EDGE('',*,*,#978,.T.);
#1378=ORIENTED_EDGE('',*,*,#980,.T.);
#1379=ORIENTED_EDGE('',*,*,#950,.F.);
#1380=ORIENTED_EDGE('',*,*,#947,.F.);
#1381=ORIENTED_EDGE('',*,*,#996,.F.);
#1382=ORIENTED_EDGE('',*,*,#1004,.F.);
#1383=ORIENTED_EDGE('',*,*,#1018,.F.);
#1384=ORIENTED_EDGE('',*,*,#943,.F.);
#1385=ORIENTED_EDGE('',*,*,#958,.F.);
#1386=ORIENTED_EDGE('',*,*,#1021,.F.);
#1387=ORIENTED_EDGE('',*,*,#1010,.F.);
#1388=ORIENTED_EDGE('',*,*,#1023,.F.);
#1389=ORIENTED_EDGE('',*,*,#989,.F.);
#1390=ORIENTED_EDGE('',*,*,#1019,.F.);
#1391=ORIENTED_EDGE('',*,*,#955,.F.);
#1392=ORIENTED_EDGE('',*,*,#940,.F.);
#1393=ORIENTED_EDGE('',*,*,#991,.F.);
#1394=ORIENTED_EDGE('',*,*,#1022,.F.);
#1395=ORIENTED_EDGE('',*,*,#1008,.F.);
#1396=ORIENTED_EDGE('',*,*,#936,.F.);
#1397=ORIENTED_EDGE('',*,*,#953,.F.);
#1398=ORIENTED_EDGE('',*,*,#1026,.F.);
#1399=ORIENTED_EDGE('',*,*,#1005,.F.);
#1400=ORIENTED_EDGE('',*,*,#1002,.F.);
#1401=ORIENTED_EDGE('',*,*,#994,.F.);
#1402=ORIENTED_EDGE('',*,*,#1024,.F.);
#1403=ORIENTED_EDGE('',*,*,#981,.F.);
#1404=ORIENTED_EDGE('',*,*,#967,.F.);
#1405=ORIENTED_EDGE('',*,*,#999,.F.);
#1406=ORIENTED_EDGE('',*,*,#1027,.F.);
#1407=ORIENTED_EDGE('',*,*,#984,.F.);
#1408=ORIENTED_EDGE('',*,*,#1028,.F.);
#1409=ORIENTED_EDGE('',*,*,#960,.F.);
#1410=ORIENTED_EDGE('',*,*,#964,.F.);
#1411=ORIENTED_EDGE('',*,*,#976,.F.);
#1412=ORIENTED_EDGE('',*,*,#973,.F.);
#1413=ORIENTED_EDGE('',*,*,#986,.F.);
#1414=ORIENTED_EDGE('',*,*,#1029,.F.);
#1415=ORIENTED_EDGE('',*,*,#979,.F.);
#1416=ORIENTED_EDGE('',*,*,#1031,.F.);
#1417=ORIENTED_EDGE('',*,*,#1013,.F.);
#1418=ORIENTED_EDGE('',*,*,#970,.F.);
#1419=ORIENTED_EDGE('',*,*,#1016,.F.);
#1420=ORIENTED_EDGE('',*,*,#905,.F.);
#1421=ORIENTED_EDGE('',*,*,#934,.T.);
#1422=ORIENTED_EDGE('',*,*,#930,.F.);
#1423=ORIENTED_EDGE('',*,*,#1017,.F.);
#1424=ORIENTED_EDGE('',*,*,#928,.F.);
#1425=ORIENTED_EDGE('',*,*,#997,.T.);
#1426=ORIENTED_EDGE('',*,*,#945,.T.);
#1427=ORIENTED_EDGE('',*,*,#1007,.F.);
#1428=ORIENTED_EDGE('',*,*,#1025,.T.);
#1429=ORIENTED_EDGE('',*,*,#992,.F.);
#1430=ORIENTED_EDGE('',*,*,#938,.T.);
#1431=ORIENTED_EDGE('',*,*,#962,.F.);
#1432=ORIENTED_EDGE('',*,*,#924,.T.);
#1433=ORIENTED_EDGE('',*,*,#919,.T.);
#1434=ORIENTED_EDGE('',*,*,#922,.T.);
#1435=ORIENTED_EDGE('',*,*,#1015,.F.);
#1436=ORIENTED_EDGE('',*,*,#1030,.T.);
#1437=ORIENTED_EDGE('',*,*,#1000,.F.);
#1438=ORIENTED_EDGE('',*,*,#965,.T.);
#1439=ORIENTED_EDGE('',*,*,#1012,.F.);
#1440=ORIENTED_EDGE('',*,*,#1020,.F.);
#1441=ORIENTED_EDGE('',*,*,#987,.T.);
#1442=ORIENTED_EDGE('',*,*,#877,.T.);
#1443=ORIENTED_EDGE('',*,*,#1032,.F.);
#1444=ORIENTED_EDGE('',*,*,#1033,.F.);
#1445=ORIENTED_EDGE('',*,*,#1034,.F.);
#1446=ORIENTED_EDGE('',*,*,#1035,.F.);
#1447=ORIENTED_EDGE('',*,*,#1036,.F.);
#1448=ORIENTED_EDGE('',*,*,#1037,.F.);
#1449=ORIENTED_EDGE('',*,*,#1038,.F.);
#1450=ORIENTED_EDGE('',*,*,#1039,.T.);
#1451=ORIENTED_EDGE('',*,*,#1040,.T.);
#1452=ORIENTED_EDGE('',*,*,#1041,.F.);
#1453=ORIENTED_EDGE('',*,*,#1042,.F.);
#1454=ORIENTED_EDGE('',*,*,#1043,.F.);
#1455=ORIENTED_EDGE('',*,*,#1044,.T.);
#1456=ORIENTED_EDGE('',*,*,#1045,.T.);
#1457=ORIENTED_EDGE('',*,*,#1046,.T.);
#1458=ORIENTED_EDGE('',*,*,#1047,.T.);
#1459=ORIENTED_EDGE('',*,*,#1048,.T.);
#1460=ORIENTED_EDGE('',*,*,#1049,.T.);
#1461=ORIENTED_EDGE('',*,*,#1050,.T.);
#1462=ORIENTED_EDGE('',*,*,#1051,.T.);
#1463=ORIENTED_EDGE('',*,*,#1052,.T.);
#1464=ORIENTED_EDGE('',*,*,#1053,.T.);
#1465=ORIENTED_EDGE('',*,*,#1054,.T.);
#1466=ORIENTED_EDGE('',*,*,#1034,.T.);
#1467=ORIENTED_EDGE('',*,*,#1055,.T.);
#1468=ORIENTED_EDGE('',*,*,#1056,.F.);
#1469=ORIENTED_EDGE('',*,*,#1057,.F.);
#1470=ORIENTED_EDGE('',*,*,#1033,.T.);
#1471=ORIENTED_EDGE('',*,*,#1058,.T.);
#1472=ORIENTED_EDGE('',*,*,#1059,.F.);
#1473=ORIENTED_EDGE('',*,*,#1055,.F.);
#1474=ORIENTED_EDGE('',*,*,#1043,.T.);
#1475=ORIENTED_EDGE('',*,*,#1060,.T.);
#1476=ORIENTED_EDGE('',*,*,#1061,.F.);
#1477=ORIENTED_EDGE('',*,*,#1062,.F.);
#1478=ORIENTED_EDGE('',*,*,#1041,.T.);
#1479=ORIENTED_EDGE('',*,*,#1063,.F.);
#1480=ORIENTED_EDGE('',*,*,#1064,.F.);
#1481=ORIENTED_EDGE('',*,*,#1065,.F.);
#1482=ORIENTED_EDGE('',*,*,#1038,.T.);
#1483=ORIENTED_EDGE('',*,*,#1066,.T.);
#1484=ORIENTED_EDGE('',*,*,#1067,.F.);
#1485=ORIENTED_EDGE('',*,*,#1068,.T.);
#1486=ORIENTED_EDGE('',*,*,#1042,.T.);
#1487=ORIENTED_EDGE('',*,*,#1065,.T.);
#1488=ORIENTED_EDGE('',*,*,#1069,.F.);
#1489=ORIENTED_EDGE('',*,*,#1060,.F.);
#1490=ORIENTED_EDGE('',*,*,#1070,.F.);
#1491=ORIENTED_EDGE('',*,*,#1071,.T.);
#1492=ORIENTED_EDGE('',*,*,#1054,.F.);
#1493=ORIENTED_EDGE('',*,*,#1071,.F.);
#1494=ORIENTED_EDGE('',*,*,#1072,.F.);
#1495=ORIENTED_EDGE('',*,*,#1073,.T.);
#1496=ORIENTED_EDGE('',*,*,#1053,.F.);
#1497=ORIENTED_EDGE('',*,*,#1073,.F.);
#1498=ORIENTED_EDGE('',*,*,#1074,.F.);
#1499=ORIENTED_EDGE('',*,*,#1075,.T.);
#1500=ORIENTED_EDGE('',*,*,#1052,.F.);
#1501=ORIENTED_EDGE('',*,*,#1075,.F.);
#1502=ORIENTED_EDGE('',*,*,#1076,.F.);
#1503=ORIENTED_EDGE('',*,*,#1077,.T.);
#1504=ORIENTED_EDGE('',*,*,#1051,.F.);
#1505=ORIENTED_EDGE('',*,*,#1077,.F.);
#1506=ORIENTED_EDGE('',*,*,#1078,.F.);
#1507=ORIENTED_EDGE('',*,*,#1079,.T.);
#1508=ORIENTED_EDGE('',*,*,#1050,.F.);
#1509=ORIENTED_EDGE('',*,*,#1079,.F.);
#1510=ORIENTED_EDGE('',*,*,#1080,.F.);
#1511=ORIENTED_EDGE('',*,*,#1081,.T.);
#1512=ORIENTED_EDGE('',*,*,#1049,.F.);
#1513=ORIENTED_EDGE('',*,*,#1081,.F.);
#1514=ORIENTED_EDGE('',*,*,#1032,.T.);
#1515=ORIENTED_EDGE('',*,*,#1062,.T.);
#1516=ORIENTED_EDGE('',*,*,#1082,.F.);
#1517=ORIENTED_EDGE('',*,*,#1058,.F.);
#1518=ORIENTED_EDGE('',*,*,#1036,.T.);
#1519=ORIENTED_EDGE('',*,*,#1083,.T.);
#1520=ORIENTED_EDGE('',*,*,#1084,.F.);
#1521=ORIENTED_EDGE('',*,*,#1085,.F.);
#1522=ORIENTED_EDGE('',*,*,#1040,.F.);
#1523=ORIENTED_EDGE('',*,*,#1086,.F.);
#1524=ORIENTED_EDGE('',*,*,#1087,.F.);
#1525=ORIENTED_EDGE('',*,*,#1063,.T.);
#1526=ORIENTED_EDGE('',*,*,#1088,.F.);
#1527=ORIENTED_EDGE('',*,*,#1089,.T.);
#1528=ORIENTED_EDGE('',*,*,#1090,.F.);
#1529=ORIENTED_EDGE('',*,*,#1089,.F.);
#1530=ORIENTED_EDGE('',*,*,#1091,.F.);
#1531=ORIENTED_EDGE('',*,*,#1092,.T.);
#1532=ORIENTED_EDGE('',*,*,#1093,.F.);
#1533=ORIENTED_EDGE('',*,*,#1092,.F.);
#1534=ORIENTED_EDGE('',*,*,#1094,.F.);
#1535=ORIENTED_EDGE('',*,*,#1095,.T.);
#1536=ORIENTED_EDGE('',*,*,#1096,.F.);
#1537=ORIENTED_EDGE('',*,*,#1095,.F.);
#1538=ORIENTED_EDGE('',*,*,#1097,.F.);
#1539=ORIENTED_EDGE('',*,*,#1098,.T.);
#1540=ORIENTED_EDGE('',*,*,#1099,.F.);
#1541=ORIENTED_EDGE('',*,*,#1098,.F.);
#1542=ORIENTED_EDGE('',*,*,#1100,.F.);
#1543=ORIENTED_EDGE('',*,*,#1101,.T.);
#1544=ORIENTED_EDGE('',*,*,#1102,.F.);
#1545=ORIENTED_EDGE('',*,*,#1101,.F.);
#1546=ORIENTED_EDGE('',*,*,#1103,.F.);
#1547=ORIENTED_EDGE('',*,*,#1104,.T.);
#1548=ORIENTED_EDGE('',*,*,#1105,.F.);
#1549=ORIENTED_EDGE('',*,*,#1104,.F.);
#1550=ORIENTED_EDGE('',*,*,#1106,.F.);
#1551=ORIENTED_EDGE('',*,*,#1107,.T.);
#1552=ORIENTED_EDGE('',*,*,#1108,.F.);
#1553=ORIENTED_EDGE('',*,*,#1107,.F.);
#1554=ORIENTED_EDGE('',*,*,#1109,.F.);
#1555=ORIENTED_EDGE('',*,*,#1110,.T.);
#1556=ORIENTED_EDGE('',*,*,#1111,.F.);
#1557=ORIENTED_EDGE('',*,*,#1110,.F.);
#1558=ORIENTED_EDGE('',*,*,#1112,.F.);
#1559=ORIENTED_EDGE('',*,*,#1113,.T.);
#1560=ORIENTED_EDGE('',*,*,#1114,.F.);
#1561=ORIENTED_EDGE('',*,*,#1113,.F.);
#1562=ORIENTED_EDGE('',*,*,#1115,.T.);
#1563=ORIENTED_EDGE('',*,*,#1114,.T.);
#1564=ORIENTED_EDGE('',*,*,#1111,.T.);
#1565=ORIENTED_EDGE('',*,*,#1108,.T.);
#1566=ORIENTED_EDGE('',*,*,#1105,.T.);
#1567=ORIENTED_EDGE('',*,*,#1102,.T.);
#1568=ORIENTED_EDGE('',*,*,#1099,.T.);
#1569=ORIENTED_EDGE('',*,*,#1096,.T.);
#1570=ORIENTED_EDGE('',*,*,#1093,.T.);
#1571=ORIENTED_EDGE('',*,*,#1090,.T.);
#1572=ORIENTED_EDGE('',*,*,#1116,.F.);
#1573=ORIENTED_EDGE('',*,*,#1117,.T.);
#1574=ORIENTED_EDGE('',*,*,#1118,.F.);
#1575=ORIENTED_EDGE('',*,*,#1117,.F.);
#1576=ORIENTED_EDGE('',*,*,#1116,.T.);
#1577=ORIENTED_EDGE('',*,*,#1112,.T.);
#1578=ORIENTED_EDGE('',*,*,#1109,.T.);
#1579=ORIENTED_EDGE('',*,*,#1106,.T.);
#1580=ORIENTED_EDGE('',*,*,#1103,.T.);
#1581=ORIENTED_EDGE('',*,*,#1100,.T.);
#1582=ORIENTED_EDGE('',*,*,#1097,.T.);
#1583=ORIENTED_EDGE('',*,*,#1094,.T.);
#1584=ORIENTED_EDGE('',*,*,#1091,.T.);
#1585=ORIENTED_EDGE('',*,*,#1088,.T.);
#1586=ORIENTED_EDGE('',*,*,#1115,.F.);
#1587=ORIENTED_EDGE('',*,*,#1119,.T.);
#1588=ORIENTED_EDGE('',*,*,#1048,.F.);
#1589=ORIENTED_EDGE('',*,*,#1119,.F.);
#1590=ORIENTED_EDGE('',*,*,#1046,.F.);
#1591=ORIENTED_EDGE('',*,*,#1120,.F.);
#1592=ORIENTED_EDGE('',*,*,#1121,.F.);
#1593=ORIENTED_EDGE('',*,*,#1122,.T.);
#1594=ORIENTED_EDGE('',*,*,#1047,.F.);
#1595=ORIENTED_EDGE('',*,*,#1122,.F.);
#1596=ORIENTED_EDGE('',*,*,#1123,.F.);
#1597=ORIENTED_EDGE('',*,*,#1124,.T.);
#1598=ORIENTED_EDGE('',*,*,#1044,.F.);
#1599=ORIENTED_EDGE('',*,*,#1124,.F.);
#1600=ORIENTED_EDGE('',*,*,#1125,.F.);
#1601=ORIENTED_EDGE('',*,*,#1126,.T.);
#1602=ORIENTED_EDGE('',*,*,#1045,.F.);
#1603=ORIENTED_EDGE('',*,*,#1126,.F.);
#1604=ORIENTED_EDGE('',*,*,#1127,.F.);
#1605=ORIENTED_EDGE('',*,*,#1120,.T.);
#1606=ORIENTED_EDGE('',*,*,#1128,.T.);
#1607=ORIENTED_EDGE('',*,*,#1067,.T.);
#1608=ORIENTED_EDGE('',*,*,#1129,.T.);
#1609=ORIENTED_EDGE('',*,*,#1084,.T.);
#1610=ORIENTED_EDGE('',*,*,#1130,.T.);
#1611=ORIENTED_EDGE('',*,*,#1056,.T.);
#1612=ORIENTED_EDGE('',*,*,#1059,.T.);
#1613=ORIENTED_EDGE('',*,*,#1082,.T.);
#1614=ORIENTED_EDGE('',*,*,#1061,.T.);
#1615=ORIENTED_EDGE('',*,*,#1069,.T.);
#1616=ORIENTED_EDGE('',*,*,#1064,.T.);
#1617=ORIENTED_EDGE('',*,*,#1087,.T.);
#1618=ORIENTED_EDGE('',*,*,#1125,.T.);
#1619=ORIENTED_EDGE('',*,*,#1123,.T.);
#1620=ORIENTED_EDGE('',*,*,#1121,.T.);
#1621=ORIENTED_EDGE('',*,*,#1127,.T.);
#1622=ORIENTED_EDGE('',*,*,#1118,.T.);
#1623=ORIENTED_EDGE('',*,*,#1080,.T.);
#1624=ORIENTED_EDGE('',*,*,#1078,.T.);
#1625=ORIENTED_EDGE('',*,*,#1076,.T.);
#1626=ORIENTED_EDGE('',*,*,#1074,.T.);
#1627=ORIENTED_EDGE('',*,*,#1072,.T.);
#1628=ORIENTED_EDGE('',*,*,#1070,.T.);
#1629=ORIENTED_EDGE('',*,*,#1039,.F.);
#1630=ORIENTED_EDGE('',*,*,#1068,.F.);
#1631=ORIENTED_EDGE('',*,*,#1128,.F.);
#1632=ORIENTED_EDGE('',*,*,#1086,.T.);
#1633=ORIENTED_EDGE('',*,*,#1037,.T.);
#1634=ORIENTED_EDGE('',*,*,#1085,.T.);
#1635=ORIENTED_EDGE('',*,*,#1129,.F.);
#1636=ORIENTED_EDGE('',*,*,#1066,.F.);
#1637=ORIENTED_EDGE('',*,*,#1035,.T.);
#1638=ORIENTED_EDGE('',*,*,#1057,.T.);
#1639=ORIENTED_EDGE('',*,*,#1130,.F.);
#1640=ORIENTED_EDGE('',*,*,#1083,.F.);
#1641=PLANE('',#1783);
#1642=PLANE('',#1790);
#1643=PLANE('',#1797);
#1644=PLANE('',#1802);
#1645=PLANE('',#1805);
#1646=PLANE('',#1806);
#1647=PLANE('',#1807);
#1648=PLANE('',#1808);
#1649=PLANE('',#1809);
#1650=PLANE('',#1810);
#1651=PLANE('',#1811);
#1652=PLANE('',#1812);
#1653=PLANE('',#1813);
#1654=PLANE('',#1816);
#1655=PLANE('',#1825);
#1656=PLANE('',#1827);
#1657=PLANE('',#1830);
#1658=PLANE('',#1839);
#1659=PLANE('',#1848);
#1660=PLANE('',#1849);
#1661=PLANE('',#1857);
#1662=PLANE('',#1858);
#1663=PLANE('',#1859);
#1664=PLANE('',#1860);
#1665=PLANE('',#1861);
#1666=PLANE('',#1868);
#1667=PLANE('',#1870);
#1668=PLANE('',#1871);
#1669=PLANE('',#1873);
#1670=PLANE('',#1885);
#1671=PLANE('',#1890);
#1672=PLANE('',#1891);
#1673=PLANE('',#1892);
#1674=PLANE('',#1905);
#1675=PLANE('',#1906);
#1676=PLANE('',#1907);
#1677=PLANE('',#1935);
#1678=PLANE('',#1940);
#1679=PLANE('',#1942);
#1680=PLANE('',#1943);
#1681=PLANE('',#1944);
#1682=PLANE('',#1945);
#1683=PLANE('',#1946);
#1684=PLANE('',#1949);
#1685=ADVANCED_FACE('',(#184),#1641,.T.);
#1686=ADVANCED_FACE('',(#185),#145,.T.);
#1687=ADVANCED_FACE('',(#186),#146,.T.);
#1688=ADVANCED_FACE('',(#187),#1642,.T.);
#1689=ADVANCED_FACE('',(#188),#147,.F.);
#1690=ADVANCED_FACE('',(#189),#1643,.F.);
#1691=ADVANCED_FACE('',(#190),#148,.F.);
#1692=ADVANCED_FACE('',(#191),#149,.F.);
#1693=ADVANCED_FACE('',(#192),#1644,.F.);
#1694=ADVANCED_FACE('',(#193),#150,.F.);
#1695=ADVANCED_FACE('',(#194),#1645,.F.);
#1696=ADVANCED_FACE('',(#195),#1646,.F.);
#1697=ADVANCED_FACE('',(#196),#1647,.F.);
#1698=ADVANCED_FACE('',(#197),#1648,.F.);
#1699=ADVANCED_FACE('',(#198),#1649,.F.);
#1700=ADVANCED_FACE('',(#199),#1650,.T.);
#1701=ADVANCED_FACE('',(#200),#1651,.F.);
#1702=ADVANCED_FACE('',(#201),#1652,.F.);
#1703=ADVANCED_FACE('',(#202),#1653,.T.);
#1704=ADVANCED_FACE('',(#203),#1654,.T.);
#1705=ADVANCED_FACE('',(#204),#151,.F.);
#1706=ADVANCED_FACE('',(#205),#152,.F.);
#1707=ADVANCED_FACE('',(#206),#1655,.T.);
#1708=ADVANCED_FACE('',(#207),#1656,.T.);
#1709=ADVANCED_FACE('',(#208),#1657,.T.);
#1710=ADVANCED_FACE('',(#209),#153,.F.);
#1711=ADVANCED_FACE('',(#210),#154,.F.);
#1712=ADVANCED_FACE('',(#211),#1658,.F.);
#1713=ADVANCED_FACE('',(#212),#1659,.T.);
#1714=ADVANCED_FACE('',(#213),#1660,.T.);
#1715=ADVANCED_FACE('',(#214),#1661,.T.);
#1716=ADVANCED_FACE('',(#215),#1662,.T.);
#1717=ADVANCED_FACE('',(#216),#1663,.T.);
#1718=ADVANCED_FACE('',(#217),#1664,.T.);
#1719=ADVANCED_FACE('',(#218),#1665,.T.);
#1720=ADVANCED_FACE('',(#219),#155,.T.);
#1721=ADVANCED_FACE('',(#220),#156,.T.);
#1722=ADVANCED_FACE('',(#221),#157,.T.);
#1723=ADVANCED_FACE('',(#222),#158,.T.);
#1724=ADVANCED_FACE('',(#223),#159,.T.);
#1725=ADVANCED_FACE('',(#224),#160,.T.);
#1726=ADVANCED_FACE('',(#225),#1666,.F.);
#1727=ADVANCED_FACE('',(#226),#161,.T.);
#1728=ADVANCED_FACE('',(#227),#1667,.T.);
#1729=ADVANCED_FACE('',(#228),#1668,.T.);
#1730=ADVANCED_FACE('',(#229),#162,.T.);
#1731=ADVANCED_FACE('',(#230,#13,#14,#15,#16,#17,#18,#19,#20),#1669,.F.);
#1732=ADVANCED_FACE('',(#231),#1670,.T.);
#1733=ADVANCED_FACE('',(#232),#163,.T.);
#1734=ADVANCED_FACE('',(#233),#164,.T.);
#1735=ADVANCED_FACE('',(#234),#1671,.F.);
#1736=ADVANCED_FACE('',(#235),#1672,.T.);
#1737=ADVANCED_FACE('',(#236),#1673,.T.);
#1738=ADVANCED_FACE('',(#237),#165,.F.);
#1739=ADVANCED_FACE('',(#238),#166,.F.);
#1740=ADVANCED_FACE('',(#239),#167,.F.);
#1741=ADVANCED_FACE('',(#240),#168,.F.);
#1742=ADVANCED_FACE('',(#241),#169,.F.);
#1743=ADVANCED_FACE('',(#242),#170,.F.);
#1744=ADVANCED_FACE('',(#243),#1674,.T.);
#1745=ADVANCED_FACE('',(#244),#1675,.T.);
#1746=ADVANCED_FACE('',(#245),#1676,.F.);
#1747=ADVANCED_FACE('',(#246),#171,.F.);
#1748=ADVANCED_FACE('',(#247),#172,.F.);
#1749=ADVANCED_FACE('',(#248),#173,.F.);
#1750=ADVANCED_FACE('',(#249),#174,.F.);
#1751=ADVANCED_FACE('',(#250),#175,.F.);
#1752=ADVANCED_FACE('',(#251),#176,.F.);
#1753=ADVANCED_FACE('',(#252),#177,.F.);
#1754=ADVANCED_FACE('',(#253),#178,.F.);
#1755=ADVANCED_FACE('',(#254),#179,.F.);
#1756=ADVANCED_FACE('',(#255,#21,#22,#23,#24,#25,#26,#27,#28,#29),#1677,
 .F.);
#1757=ADVANCED_FACE('',(#256),#180,.T.);
#1758=ADVANCED_FACE('',(#257,#30,#31,#32,#33,#34,#35,#36,#37,#38),#1678,
 .T.);
#1759=ADVANCED_FACE('',(#258),#181,.F.);
#1760=ADVANCED_FACE('',(#259),#1679,.F.);
#1761=ADVANCED_FACE('',(#260),#1680,.F.);
#1762=ADVANCED_FACE('',(#261),#1681,.F.);
#1763=ADVANCED_FACE('',(#262),#1682,.F.);
#1764=ADVANCED_FACE('',(#263,#39,#40,#41,#42,#43,#44,#45,#46),#1683,.T.);
#1765=ADVANCED_FACE('',(#264),#1684,.F.);
#1766=ADVANCED_FACE('',(#265),#182,.T.);
#1767=ADVANCED_FACE('',(#266),#183,.T.);
#1768=CLOSED_SHELL('',(#1685,#1686,#1687,#1688,#1689,#1690,#1691,#1692,
#1693,#1694,#1695,#1696,#1697,#1698,#1699,#1700,#1701,#1702,#1703,#1704,
#1705,#1706,#1707,#1708,#1709,#1710,#1711,#1712,#1713,#1714,#1715,#1716,
#1717,#1718,#1719,#1720,#1721,#1722,#1723,#1724,#1725,#1726,#1727,#1728,
#1729,#1730));
#1769=CLOSED_SHELL('',(#1731,#1732,#1733,#1734,#1735,#1736,#1737,#1738,
#1739,#1740,#1741,#1742,#1743,#1744,#1745,#1746,#1747,#1748,#1749,#1750,
#1751,#1752,#1753,#1754,#1755,#1756,#1757,#1758,#1759,#1760,#1761,#1762,
#1763,#1764,#1765,#1766,#1767));
#1770=DERIVED_UNIT_ELEMENT(#1772,1.);
#1771=DERIVED_UNIT_ELEMENT(#3047,-3.);
#1772=(
MASS_UNIT()
NAMED_UNIT(*)
SI_UNIT(.KILO.,.GRAM.)
);
#1773=DERIVED_UNIT((#1770,#1771));
#1774=MEASURE_REPRESENTATION_ITEM('density measure',
POSITIVE_RATIO_MEASURE(7850.),#1773);
#1775=PROPERTY_DEFINITION_REPRESENTATION(#1780,#1777);
#1776=PROPERTY_DEFINITION_REPRESENTATION(#1781,#1778);
#1777=REPRESENTATION('material name',(#1779),#3044);
#1778=REPRESENTATION('density',(#1774),#3044);
#1779=DESCRIPTIVE_REPRESENTATION_ITEM('Steel','Steel');
#1780=PROPERTY_DEFINITION('material property','material name',#3054);
#1781=PROPERTY_DEFINITION('material property','density of part',#3054);
#1782=AXIS2_PLACEMENT_3D('',#2453,#1952,#1953);
#1783=AXIS2_PLACEMENT_3D('',#2454,#1954,#1955);
#1784=AXIS2_PLACEMENT_3D('',#2463,#1960,#1961);
#1785=AXIS2_PLACEMENT_3D('',#2465,#1962,#1963);
#1786=AXIS2_PLACEMENT_3D('',#2467,#1964,#1965);
#1787=AXIS2_PLACEMENT_3D('',#2469,#1967,#1968);
#1788=AXIS2_PLACEMENT_3D('',#2472,#1969,#1970);
#1789=AXIS2_PLACEMENT_3D('',#2476,#1972,#1973);
#1790=AXIS2_PLACEMENT_3D('',#2478,#1975,#1976);
#1791=AXIS2_PLACEMENT_3D('',#2481,#1977,#1978);
#1792=AXIS2_PLACEMENT_3D('',#2485,#1980,#1981);
#1793=AXIS2_PLACEMENT_3D('',#2489,#1983,#1984);
#1794=AXIS2_PLACEMENT_3D('',#2493,#1986,#1987);
#1795=AXIS2_PLACEMENT_3D('',#2495,#1989,#1990);
#1796=AXIS2_PLACEMENT_3D('',#2499,#1992,#1993);
#1797=AXIS2_PLACEMENT_3D('',#2501,#1995,#1996);
#1798=AXIS2_PLACEMENT_3D('',#2505,#1999,#2000);
#1799=AXIS2_PLACEMENT_3D('',#2507,#2001,#2002);
#1800=AXIS2_PLACEMENT_3D('',#2509,#2004,#2005);
#1801=AXIS2_PLACEMENT_3D('',#2513,#2007,#2008);
#1802=AXIS2_PLACEMENT_3D('',#2515,#2010,#2011);
#1803=AXIS2_PLACEMENT_3D('',#2527,#2018,#2019);
#1804=AXIS2_PLACEMENT_3D('',#2529,#2020,#2021);
#1805=AXIS2_PLACEMENT_3D('',#2531,#2023,#2024);
#1806=AXIS2_PLACEMENT_3D('',#2533,#2026,#2027);
#1807=AXIS2_PLACEMENT_3D('',#2543,#2033,#2034);
#1808=AXIS2_PLACEMENT_3D('',#2549,#2038,#2039);
#1809=AXIS2_PLACEMENT_3D('',#2553,#2042,#2043);
#1810=AXIS2_PLACEMENT_3D('',#2557,#2046,#2047);
#1811=AXIS2_PLACEMENT_3D('',#2571,#2055,#2056);
#1812=AXIS2_PLACEMENT_3D('',#2574,#2059,#2060);
#1813=AXIS2_PLACEMENT_3D('',#2576,#2062,#2063);
#1814=AXIS2_PLACEMENT_3D('',#2589,#2069,#2070);
#1815=AXIS2_PLACEMENT_3D('',#2590,#2071,#2072);
#1816=AXIS2_PLACEMENT_3D('',#2591,#2073,#2074);
#1817=AXIS2_PLACEMENT_3D('',#2604,#2080,#2081);
#1818=AXIS2_PLACEMENT_3D('',#2605,#2082,#2083);
#1819=AXIS2_PLACEMENT_3D('',#2606,#2084,#2085);
#1820=AXIS2_PLACEMENT_3D('',#2621,#2087,#2088);
#1821=AXIS2_PLACEMENT_3D('',#2634,#2089,#2090);
#1822=AXIS2_PLACEMENT_3D('',#2635,#2091,#2092);
#1823=AXIS2_PLACEMENT_3D('',#2650,#2094,#2095);
#1824=AXIS2_PLACEMENT_3D('',#2663,#2096,#2097);
#1825=AXIS2_PLACEMENT_3D('',#2664,#2098,#2099);
#1826=AXIS2_PLACEMENT_3D('',#2667,#2100,#2101);
#1827=AXIS2_PLACEMENT_3D('',#2672,#2105,#2106);
#1828=AXIS2_PLACEMENT_3D('',#2682,#2111,#2112);
#1829=AXIS2_PLACEMENT_3D('',#2683,#2113,#2114);
#1830=AXIS2_PLACEMENT_3D('',#2684,#2115,#2116);
#1831=AXIS2_PLACEMENT_3D('',#2694,#2121,#2122);
#1832=AXIS2_PLACEMENT_3D('',#2695,#2123,#2124);
#1833=AXIS2_PLACEMENT_3D('',#2696,#2125,#2126);
#1834=AXIS2_PLACEMENT_3D('',#2711,#2128,#2129);
#1835=AXIS2_PLACEMENT_3D('',#2724,#2130,#2131);
#1836=AXIS2_PLACEMENT_3D('',#2725,#2132,#2133);
#1837=AXIS2_PLACEMENT_3D('',#2740,#2135,#2136);
#1838=AXIS2_PLACEMENT_3D('',#2753,#2137,#2138);
#1839=AXIS2_PLACEMENT_3D('',#2754,#2139,#2140);
#1840=AXIS2_PLACEMENT_3D('',#2756,#2141,#2142);
#1841=AXIS2_PLACEMENT_3D('',#2758,#2143,#2144);
#1842=AXIS2_PLACEMENT_3D('',#2762,#2146,#2147);
#1843=AXIS2_PLACEMENT_3D('',#2765,#2149,#2150);
#1844=AXIS2_PLACEMENT_3D('',#2771,#2153,#2154);
#1845=AXIS2_PLACEMENT_3D('',#2774,#2156,#2157);
#1846=AXIS2_PLACEMENT_3D('',#2775,#2158,#2159);
#1847=AXIS2_PLACEMENT_3D('',#2778,#2161,#2162);
#1848=AXIS2_PLACEMENT_3D('',#2782,#2165,#2166);
#1849=AXIS2_PLACEMENT_3D('',#2788,#2170,#2171);
#1850=AXIS2_PLACEMENT_3D('',#2790,#2172,#2173);
#1851=AXIS2_PLACEMENT_3D('',#2795,#2176,#2177);
#1852=AXIS2_PLACEMENT_3D('',#2799,#2179,#2180);
#1853=AXIS2_PLACEMENT_3D('',#2802,#2182,#2183);
#1854=AXIS2_PLACEMENT_3D('',#2804,#2184,#2185);
#1855=AXIS2_PLACEMENT_3D('',#2809,#2189,#2190);
#1856=AXIS2_PLACEMENT_3D('',#2810,#2191,#2192);
#1857=AXIS2_PLACEMENT_3D('',#2811,#2193,#2194);
#1858=AXIS2_PLACEMENT_3D('',#2815,#2198,#2199);
#1859=AXIS2_PLACEMENT_3D('',#2818,#2202,#2203);
#1860=AXIS2_PLACEMENT_3D('',#2822,#2207,#2208);
#1861=AXIS2_PLACEMENT_3D('',#2825,#2211,#2212);
#1862=AXIS2_PLACEMENT_3D('',#2829,#2216,#2217);
#1863=AXIS2_PLACEMENT_3D('',#2830,#2218,#2219);
#1864=AXIS2_PLACEMENT_3D('',#2831,#2220,#2221);
#1865=AXIS2_PLACEMENT_3D('',#2832,#2222,#2223);
#1866=AXIS2_PLACEMENT_3D('',#2833,#2224,#2225);
#1867=AXIS2_PLACEMENT_3D('',#2834,#2226,#2227);
#1868=AXIS2_PLACEMENT_3D('',#2835,#2228,#2229);
#1869=AXIS2_PLACEMENT_3D('',#2836,#2230,#2231);
#1870=AXIS2_PLACEMENT_3D('',#2837,#2232,#2233);
#1871=AXIS2_PLACEMENT_3D('',#2838,#2234,#2235);
#1872=AXIS2_PLACEMENT_3D('',#2839,#2236,#2237);
#1873=AXIS2_PLACEMENT_3D('',#2840,#2238,#2239);
#1874=AXIS2_PLACEMENT_3D('',#2845,#2241,#2242);
#1875=AXIS2_PLACEMENT_3D('',#2849,#2244,#2245);
#1876=AXIS2_PLACEMENT_3D('',#2853,#2247,#2248);
#1877=AXIS2_PLACEMENT_3D('',#2864,#2254,#2255);
#1878=AXIS2_PLACEMENT_3D('',#2874,#2260,#2261);
#1879=AXIS2_PLACEMENT_3D('',#2876,#2262,#2263);
#1880=AXIS2_PLACEMENT_3D('',#2878,#2264,#2265);
#1881=AXIS2_PLACEMENT_3D('',#2880,#2266,#2267);
#1882=AXIS2_PLACEMENT_3D('',#2882,#2268,#2269);
#1883=AXIS2_PLACEMENT_3D('',#2884,#2270,#2271);
#1884=AXIS2_PLACEMENT_3D('',#2886,#2272,#2273);
#1885=AXIS2_PLACEMENT_3D('',#2887,#2274,#2275);
#1886=AXIS2_PLACEMENT_3D('',#2893,#2279,#2280);
#1887=AXIS2_PLACEMENT_3D('',#2896,#2282,#2283);
#1888=AXIS2_PLACEMENT_3D('',#2897,#2284,#2285);
#1889=AXIS2_PLACEMENT_3D('',#2901,#2287,#2288);
#1890=AXIS2_PLACEMENT_3D('',#2903,#2290,#2291);
#1891=AXIS2_PLACEMENT_3D('',#2909,#2295,#2296);
#1892=AXIS2_PLACEMENT_3D('',#2915,#2300,#2301);
#1893=AXIS2_PLACEMENT_3D('',#2917,#2303,#2304);
#1894=AXIS2_PLACEMENT_3D('',#2919,#2305,#2306);
#1895=AXIS2_PLACEMENT_3D('',#2921,#2308,#2309);
#1896=AXIS2_PLACEMENT_3D('',#2923,#2310,#2311);
#1897=AXIS2_PLACEMENT_3D('',#2925,#2313,#2314);
#1898=AXIS2_PLACEMENT_3D('',#2927,#2315,#2316);
#1899=AXIS2_PLACEMENT_3D('',#2929,#2318,#2319);
#1900=AXIS2_PLACEMENT_3D('',#2931,#2320,#2321);
#1901=AXIS2_PLACEMENT_3D('',#2933,#2323,#2324);
#1902=AXIS2_PLACEMENT_3D('',#2935,#2325,#2326);
#1903=AXIS2_PLACEMENT_3D('',#2937,#2328,#2329);
#1904=AXIS2_PLACEMENT_3D('',#2939,#2330,#2331);
#1905=AXIS2_PLACEMENT_3D('',#2941,#2333,#2334);
#1906=AXIS2_PLACEMENT_3D('',#2943,#2336,#2337);
#1907=AXIS2_PLACEMENT_3D('',#2949,#2341,#2342);
#1908=AXIS2_PLACEMENT_3D('',#2953,#2345,#2346);
#1909=AXIS2_PLACEMENT_3D('',#2955,#2347,#2348);
#1910=AXIS2_PLACEMENT_3D('',#2958,#2350,#2351);
#1911=AXIS2_PLACEMENT_3D('',#2959,#2352,#2353);
#1912=AXIS2_PLACEMENT_3D('',#2961,#2354,#2355);
#1913=AXIS2_PLACEMENT_3D('',#2964,#2357,#2358);
#1914=AXIS2_PLACEMENT_3D('',#2965,#2359,#2360);
#1915=AXIS2_PLACEMENT_3D('',#2967,#2361,#2362);
#1916=AXIS2_PLACEMENT_3D('',#2970,#2364,#2365);
#1917=AXIS2_PLACEMENT_3D('',#2971,#2366,#2367);
#1918=AXIS2_PLACEMENT_3D('',#2973,#2368,#2369);
#1919=AXIS2_PLACEMENT_3D('',#2976,#2371,#2372);
#1920=AXIS2_PLACEMENT_3D('',#2977,#2373,#2374);
#1921=AXIS2_PLACEMENT_3D('',#2979,#2375,#2376);
#1922=AXIS2_PLACEMENT_3D('',#2982,#2378,#2379);
#1923=AXIS2_PLACEMENT_3D('',#2983,#2380,#2381);
#1924=AXIS2_PLACEMENT_3D('',#2985,#2382,#2383);
#1925=AXIS2_PLACEMENT_3D('',#2988,#2385,#2386);
#1926=AXIS2_PLACEMENT_3D('',#2989,#2387,#2388);
#1927=AXIS2_PLACEMENT_3D('',#2991,#2389,#2390);
#1928=AXIS2_PLACEMENT_3D('',#2994,#2392,#2393);
#1929=AXIS2_PLACEMENT_3D('',#2995,#2394,#2395);
#1930=AXIS2_PLACEMENT_3D('',#2997,#2396,#2397);
#1931=AXIS2_PLACEMENT_3D('',#3000,#2399,#2400);
#1932=AXIS2_PLACEMENT_3D('',#3001,#2401,#2402);
#1933=AXIS2_PLACEMENT_3D('',#3003,#2403,#2404);
#1934=AXIS2_PLACEMENT_3D('',#3006,#2406,#2407);
#1935=AXIS2_PLACEMENT_3D('',#3007,#2408,#2409);
#1936=AXIS2_PLACEMENT_3D('',#3009,#2410,#2411);
#1937=AXIS2_PLACEMENT_3D('',#3010,#2412,#2413);
#1938=AXIS2_PLACEMENT_3D('',#3012,#2414,#2415);
#1939=AXIS2_PLACEMENT_3D('',#3015,#2417,#2418);
#1940=AXIS2_PLACEMENT_3D('',#3016,#2419,#2420);
#1941=AXIS2_PLACEMENT_3D('',#3017,#2421,#2422);
#1942=AXIS2_PLACEMENT_3D('',#3019,#2424,#2425);
#1943=AXIS2_PLACEMENT_3D('',#3025,#2429,#2430);
#1944=AXIS2_PLACEMENT_3D('',#3029,#2433,#2434);
#1945=AXIS2_PLACEMENT_3D('',#3033,#2437,#2438);
#1946=AXIS2_PLACEMENT_3D('',#3035,#2440,#2441);
#1947=AXIS2_PLACEMENT_3D('',#3037,#2443,#2444);
#1948=AXIS2_PLACEMENT_3D('',#3038,#2445,#2446);
#1949=AXIS2_PLACEMENT_3D('',#3039,#2447,#2448);
#1950=AXIS2_PLACEMENT_3D('',#3040,#2449,#2450);
#1951=AXIS2_PLACEMENT_3D('',#3041,#2451,#2452);
#1952=DIRECTION('axis',(0.,0.,1.));
#1953=DIRECTION('refdir',(1.,0.,0.));
#1954=DIRECTION('center_axis',(-0.999999939686231,0.,-0.000347314748100092));
#1955=DIRECTION('ref_axis',(-0.000347314748100092,-1.51023655613526E-18,
0.999999939686231));
#1956=DIRECTION('',(-0.000347314748100092,0.,0.999999939686231));
#1957=DIRECTION('',(0.,1.,0.));
#1958=DIRECTION('',(0.000347314748100092,1.51023655613526E-18,-0.999999939686231));
#1959=DIRECTION('',(0.,1.,0.));
#1960=DIRECTION('center_axis',(0.,1.,0.));
#1961=DIRECTION('ref_axis',(-0.999999999194724,0.,-4.01316770946476E-5));
#1962=DIRECTION('center_axis',(0.,1.,0.));
#1963=DIRECTION('ref_axis',(-0.999999999194724,0.,-4.01316770946476E-5));
#1964=DIRECTION('center_axis',(-9.87656429741912E-34,1.,-3.96363089507731E-38));
#1965=DIRECTION('ref_axis',(-0.999999999194724,-9.87656430537248E-34,-4.01316770946476E-5));
#1966=DIRECTION('',(0.,1.,0.));
#1967=DIRECTION('center_axis',(0.,1.,0.));
#1968=DIRECTION('ref_axis',(-6.42326718164044E-8,0.,0.999999999999998));
#1969=DIRECTION('center_axis',(0.,1.,0.));
#1970=DIRECTION('ref_axis',(-6.42326718164044E-8,0.,0.999999999999998));
#1971=DIRECTION('',(0.,1.,0.));
#1972=DIRECTION('center_axis',(1.26625863494641E-38,1.,-1.97136223535235E-31));
#1973=DIRECTION('ref_axis',(-6.42326718164044E-8,1.97136223535235E-31,0.999999999999998));
#1974=DIRECTION('',(0.,1.,0.));
#1975=DIRECTION('center_axis',(2.6615066717227E-22,1.,-9.25187517068093E-18));
#1976=DIRECTION('ref_axis',(1.,-2.6615066717227E-22,0.));
#1977=DIRECTION('center_axis',(-2.6615066717227E-22,-1.,9.25187517068093E-18));
#1978=DIRECTION('ref_axis',(2.87672133651222E-5,0.,-0.999999999586224));
#1979=DIRECTION('',(0.000347314748100092,-9.25187470510352E-18,-0.999999939686231));
#1980=DIRECTION('center_axis',(-2.6615066717227E-22,-1.,9.25187517068093E-18));
#1981=DIRECTION('ref_axis',(-0.999999999194724,0.,-4.01316770946476E-5));
#1982=DIRECTION('',(-1.,2.66150669148161E-22,2.13566540062166E-13));
#1983=DIRECTION('center_axis',(-2.6615066717227E-22,-1.,9.25187517068093E-18));
#1984=DIRECTION('ref_axis',(-6.42326718164044E-8,0.,0.999999999999998));
#1985=DIRECTION('',(-0.000347314747989951,9.25187470510352E-18,0.999999939686231));
#1986=DIRECTION('center_axis',(-2.6615066717227E-22,-1.,9.25187517068093E-18));
#1987=DIRECTION('ref_axis',(0.999999999194724,0.,4.01316776721914E-5));
#1988=DIRECTION('',(0.999999969043522,2.03592998314654E-21,0.000248823141213036));
#1989=DIRECTION('center_axis',(0.,1.,0.));
#1990=DIRECTION('ref_axis',(2.87672133651222E-5,0.,-0.999999999586224));
#1991=DIRECTION('',(0.,1.,0.));
#1992=DIRECTION('center_axis',(-2.6615066717227E-22,-1.,9.25187517068093E-18));
#1993=DIRECTION('ref_axis',(2.87672133651222E-5,0.,-0.999999999586224));
#1994=DIRECTION('',(0.,-1.,0.));
#1995=DIRECTION('center_axis',(-0.999999939686231,0.,-0.000347314748100092));
#1996=DIRECTION('ref_axis',(-0.000347314748100092,-1.51023655613526E-18,
0.999999939686231));
#1997=DIRECTION('',(0.000347314748100092,-9.25187470510352E-18,-0.999999939686231));
#1998=DIRECTION('',(0.,1.,0.));
#1999=DIRECTION('center_axis',(0.,1.,0.));
#2000=DIRECTION('ref_axis',(-0.999999999194724,0.,-4.01316770946476E-5));
#2001=DIRECTION('center_axis',(-2.6615066717227E-22,-1.,9.25187517068093E-18));
#2002=DIRECTION('ref_axis',(-0.999999999194724,0.,-4.01316770946476E-5));
#2003=DIRECTION('',(0.,1.,0.));
#2004=DIRECTION('center_axis',(0.,1.,0.));
#2005=DIRECTION('ref_axis',(-6.42326718164044E-8,0.,0.999999999999998));
#2006=DIRECTION('',(0.,1.,0.));
#2007=DIRECTION('center_axis',(-2.6615066717227E-22,-1.,9.25187517068093E-18));
#2008=DIRECTION('ref_axis',(-6.42326718164044E-8,0.,0.999999999999998));
#2009=DIRECTION('',(0.,-1.,0.));
#2010=DIRECTION('center_axis',(0.999999939686231,0.,0.000347314747989951));
#2011=DIRECTION('ref_axis',(0.000347314747989951,1.72968732980242E-18,-0.999999939686231));
#2012=DIRECTION('',(0.,1.,0.));
#2013=DIRECTION('',(-0.000347314747989951,9.25187470510352E-18,0.999999939686231));
#2014=DIRECTION('',(0.,1.,0.));
#2015=DIRECTION('',(-0.000347314747989951,9.25187470510352E-18,0.999999939686231));
#2016=DIRECTION('',(0.,-1.,0.));
#2017=DIRECTION('',(0.000347314747989951,0.,-0.999999939686231));
#2018=DIRECTION('center_axis',(0.,1.,0.));
#2019=DIRECTION('ref_axis',(0.999999999194724,0.,4.01316776721914E-5));
#2020=DIRECTION('center_axis',(-2.6615066717227E-22,-1.,9.25187517068093E-18));
#2021=DIRECTION('ref_axis',(0.999999999194724,0.,4.01316776721914E-5));
#2022=DIRECTION('',(0.,-1.,0.));
#2023=DIRECTION('center_axis',(0.000248823141213036,0.,-0.999999969043522));
#2024=DIRECTION('ref_axis',(-0.999999969043522,-5.37416720844381E-18,-0.000248823141213036));
#2025=DIRECTION('',(0.999999969043522,2.03592998314654E-21,0.000248823141213036));
#2026=DIRECTION('center_axis',(2.13566540062166E-13,0.,1.));
#2027=DIRECTION('ref_axis',(1.,4.20538298829469E-18,-2.13566540062166E-13));
#2028=DIRECTION('',(0.,-1.,0.));
#2029=DIRECTION('',(1.,0.,-2.13566540062166E-13));
#2030=DIRECTION('',(0.,1.,0.));
#2031=DIRECTION('',(-1.,2.66150669148161E-22,2.13566540062166E-13));
#2032=DIRECTION('',(-1.,2.66150669148161E-22,2.13566540062166E-13));
#2033=DIRECTION('center_axis',(0.,-1.,0.));
#2034=DIRECTION('ref_axis',(-1.,0.,0.));
#2035=DIRECTION('',(-1.,0.,2.13566540062166E-13));
#2036=DIRECTION('',(0.,0.,-1.));
#2037=DIRECTION('',(0.,0.,-1.));
#2038=DIRECTION('center_axis',(-1.,0.,0.));
#2039=DIRECTION('ref_axis',(0.,1.,0.));
#2040=DIRECTION('',(0.,1.,0.));
#2041=DIRECTION('',(0.,-9.25187517068093E-18,-1.));
#2042=DIRECTION('center_axis',(1.,0.,0.));
#2043=DIRECTION('ref_axis',(0.,-1.,0.));
#2044=DIRECTION('',(0.,-1.,0.));
#2045=DIRECTION('',(0.,9.25187517068093E-18,1.));
#2046=DIRECTION('center_axis',(0.999999939686231,0.,0.000347314747989951));
#2047=DIRECTION('ref_axis',(0.000347314747989951,1.72968732980242E-18,-0.999999939686231));
#2048=DIRECTION('',(0.000347314747989951,0.,-0.999999939686231));
#2049=DIRECTION('',(-0.000347314747989951,-1.72968732980242E-18,0.999999939686231));
#2050=DIRECTION('',(0.,1.,0.));
#2051=DIRECTION('',(0.000347314747989951,0.,-0.999999939686231));
#2052=DIRECTION('',(0.,-1.,0.));
#2053=DIRECTION('',(-0.000347314747989951,0.,0.999999939686231));
#2054=DIRECTION('',(0.,1.,0.));
#2055=DIRECTION('center_axis',(0.,-1.,0.));
#2056=DIRECTION('ref_axis',(0.,0.,-1.));
#2057=DIRECTION('',(-1.,0.,0.));
#2058=DIRECTION('',(1.,0.,0.));
#2059=DIRECTION('center_axis',(0.,0.,1.));
#2060=DIRECTION('ref_axis',(-1.,0.,0.));
#2061=DIRECTION('',(-1.,0.,0.));
#2062=DIRECTION('center_axis',(0.999999969043522,0.,0.000248823141213007));
#2063=DIRECTION('ref_axis',(0.,-1.,0.));
#2064=DIRECTION('',(0.,1.,0.));
#2065=DIRECTION('',(0.000248823141213007,0.,-0.999999969043522));
#2066=DIRECTION('',(0.,1.,0.));
#2067=DIRECTION('',(0.000248823141213007,0.,-0.999999969043522));
#2068=DIRECTION('',(0.,1.,0.));
#2069=DIRECTION('center_axis',(-0.999999969043522,0.,-0.000248823141213007));
#2070=DIRECTION('ref_axis',(0.000248823141213178,0.,-0.999999969043522));
#2071=DIRECTION('center_axis',(-0.999999969043522,0.,-0.000248823141213007));
#2072=DIRECTION('ref_axis',(0.000248823141213178,0.,-0.999999969043522));
#2073=DIRECTION('center_axis',(0.999999969043522,0.,0.000248823141213192));
#2074=DIRECTION('ref_axis',(0.,-1.,0.));
#2075=DIRECTION('',(0.,1.,0.));
#2076=DIRECTION('',(0.000248823141213192,0.,-0.999999969043522));
#2077=DIRECTION('',(0.,1.,0.));
#2078=DIRECTION('',(0.000248823141213192,0.,-0.999999969043522));
#2079=DIRECTION('',(0.,1.,0.));
#2080=DIRECTION('center_axis',(-0.999999969043522,0.,-0.000248823141213192));
#2081=DIRECTION('ref_axis',(0.000248823141213178,0.,-0.999999969043522));
#2082=DIRECTION('center_axis',(-0.999999969043522,0.,-0.000248823141213192));
#2083=DIRECTION('ref_axis',(0.000248823141213178,0.,-0.999999969043522));
#2084=DIRECTION('center_axis',(-0.999999969043522,0.,-0.000248823141213178));
#2085=DIRECTION('ref_axis',(0.000248823141213178,0.,-0.999999969043522));
#2086=DIRECTION('',(-0.999999969043522,0.,-0.000248823141213178));
#2087=DIRECTION('center_axis',(0.999999969043522,0.,0.000248823141213192));
#2088=DIRECTION('ref_axis',(0.000248823141213178,0.,-0.999999969043522));
#2089=DIRECTION('center_axis',(0.999999969043522,0.,0.000248823141213192));
#2090=DIRECTION('ref_axis',(0.000248823141213178,0.,-0.999999969043522));
#2091=DIRECTION('center_axis',(-0.999999969043522,0.,-0.000248823141213178));
#2092=DIRECTION('ref_axis',(0.000248823141213178,0.,-0.999999969043522));
#2093=DIRECTION('',(-0.999999969043522,0.,-0.000248823141213178));
#2094=DIRECTION('center_axis',(0.999999969043522,0.,0.000248823141213007));
#2095=DIRECTION('ref_axis',(0.000248823141213178,0.,-0.999999969043522));
#2096=DIRECTION('center_axis',(0.999999969043522,0.,0.000248823141213007));
#2097=DIRECTION('ref_axis',(0.000248823141213178,0.,-0.999999969043522));
#2098=DIRECTION('center_axis',(0.,1.,0.));
#2099=DIRECTION('ref_axis',(-1.,0.,0.));
#2100=DIRECTION('center_axis',(0.,1.,0.));
#2101=DIRECTION('ref_axis',(-1.,0.,0.));
#2102=DIRECTION('',(0.,0.,1.));
#2103=DIRECTION('',(1.,0.,-2.13566540062166E-13));
#2104=DIRECTION('',(0.,0.,1.));
#2105=DIRECTION('center_axis',(-1.,0.,0.));
#2106=DIRECTION('ref_axis',(0.,-1.,0.));
#2107=DIRECTION('',(0.,1.,0.));
#2108=DIRECTION('',(0.,1.,0.));
#2109=DIRECTION('',(0.,0.,1.));
#2110=DIRECTION('',(0.,1.,0.));
#2111=DIRECTION('center_axis',(1.,0.,0.));
#2112=DIRECTION('ref_axis',(0.,0.,1.));
#2113=DIRECTION('center_axis',(1.,0.,0.));
#2114=DIRECTION('ref_axis',(0.,0.,1.));
#2115=DIRECTION('center_axis',(-1.,0.,0.));
#2116=DIRECTION('ref_axis',(0.,-1.,0.));
#2117=DIRECTION('',(0.,1.,0.));
#2118=DIRECTION('',(0.,0.,1.));
#2119=DIRECTION('',(0.,0.,1.));
#2120=DIRECTION('',(0.,1.,0.));
#2121=DIRECTION('center_axis',(1.,0.,0.));
#2122=DIRECTION('ref_axis',(0.,0.,1.));
#2123=DIRECTION('center_axis',(1.,0.,0.));
#2124=DIRECTION('ref_axis',(0.,0.,1.));
#2125=DIRECTION('center_axis',(1.,0.,0.));
#2126=DIRECTION('ref_axis',(0.,0.,1.));
#2127=DIRECTION('',(1.,0.,0.));
#2128=DIRECTION('center_axis',(-1.,0.,0.));
#2129=DIRECTION('ref_axis',(0.,0.,1.));
#2130=DIRECTION('center_axis',(-1.,0.,0.));
#2131=DIRECTION('ref_axis',(0.,0.,1.));
#2132=DIRECTION('center_axis',(1.,0.,0.));
#2133=DIRECTION('ref_axis',(0.,0.,1.));
#2134=DIRECTION('',(1.,0.,0.));
#2135=DIRECTION('center_axis',(-1.,0.,0.));
#2136=DIRECTION('ref_axis',(0.,0.,1.));
#2137=DIRECTION('center_axis',(-1.,0.,0.));
#2138=DIRECTION('ref_axis',(0.,0.,1.));
#2139=DIRECTION('center_axis',(2.6615066717227E-22,1.,-9.25187517068093E-18));
#2140=DIRECTION('ref_axis',(1.,-2.6615066717227E-22,0.));
#2141=DIRECTION('center_axis',(-2.6615066717227E-22,-1.,9.25187517068093E-18));
#2142=DIRECTION('ref_axis',(-1.,0.,0.));
#2143=DIRECTION('center_axis',(2.66150667172582E-22,1.,-9.25187517068093E-18));
#2144=DIRECTION('ref_axis',(2.87672133651222E-5,-9.25187517450914E-18,-0.999999999586224));
#2145=DIRECTION('',(0.000248823141213007,0.,-0.999999969043522));
#2146=DIRECTION('center_axis',(-2.6615066717227E-22,-1.,9.25187517068093E-18));
#2147=DIRECTION('ref_axis',(-1.,0.,0.));
#2148=DIRECTION('',(-0.999999969043522,0.,-0.000248823141213036));
#2149=DIRECTION('center_axis',(-2.6615066717227E-22,-1.,9.25187517068093E-18));
#2150=DIRECTION('ref_axis',(-1.,0.,0.));
#2151=DIRECTION('',(0.999999969043522,5.37416720844381E-18,0.000248823141213036));
#2152=DIRECTION('',(0.000248823141213192,0.,-0.999999969043522));
#2153=DIRECTION('center_axis',(-2.6615066717227E-22,-1.,9.25187517068093E-18));
#2154=DIRECTION('ref_axis',(-1.,0.,0.));
#2155=DIRECTION('',(-0.999999969043522,-4.81482486096809E-33,-0.000248823141213036));
#2156=DIRECTION('center_axis',(-2.6615066717227E-22,-1.,9.25187517068093E-18));
#2157=DIRECTION('ref_axis',(-1.,0.,0.));
#2158=DIRECTION('center_axis',(-1.18518771569029E-33,1.,-4.75635714254255E-38));
#2159=DIRECTION('ref_axis',(0.999999999194724,1.1851877166447E-33,4.01316776721914E-5));
#2160=DIRECTION('',(0.,0.,1.));
#2161=DIRECTION('center_axis',(-2.6615066717227E-22,-1.,9.25187517068093E-18));
#2162=DIRECTION('ref_axis',(-1.,0.,0.));
#2163=DIRECTION('',(-1.,-4.20538298829469E-18,2.13566540062166E-13));
#2164=DIRECTION('',(0.,0.,1.));
#2165=DIRECTION('center_axis',(0.000248823141213192,0.,-0.999999969043522));
#2166=DIRECTION('ref_axis',(-0.999999969043522,0.,-0.000248823141213192));
#2167=DIRECTION('',(0.,1.,0.));
#2168=DIRECTION('',(0.999999969043522,0.,0.000248823141213036));
#2169=DIRECTION('',(0.,-1.,0.));
#2170=DIRECTION('center_axis',(0.,1.,0.));
#2171=DIRECTION('ref_axis',(0.999999969043522,0.,0.000248823141213036));
#2172=DIRECTION('center_axis',(0.,1.,0.));
#2173=DIRECTION('ref_axis',(-1.,0.,0.));
#2174=DIRECTION('',(0.000248823141213192,0.,-0.999999969043522));
#2175=DIRECTION('',(-0.999999969043522,0.,-0.000248823141213036));
#2176=DIRECTION('center_axis',(0.,1.,0.));
#2177=DIRECTION('ref_axis',(-1.,0.,0.));
#2178=DIRECTION('',(0.999999969043522,0.,0.000248823141213036));
#2179=DIRECTION('center_axis',(0.,1.,0.));
#2180=DIRECTION('ref_axis',(-1.,0.,0.));
#2181=DIRECTION('',(0.000248823141213007,0.,-0.999999969043522));
#2182=DIRECTION('center_axis',(0.,1.,0.));
#2183=DIRECTION('ref_axis',(2.87672133651222E-5,0.,-0.999999999586224));
#2184=DIRECTION('center_axis',(0.,1.,0.));
#2185=DIRECTION('ref_axis',(-1.,0.,0.));
#2186=DIRECTION('',(0.,0.,1.));
#2187=DIRECTION('',(1.,0.,-2.13566540062166E-13));
#2188=DIRECTION('',(1.,0.,0.));
#2189=DIRECTION('center_axis',(0.,1.,0.));
#2190=DIRECTION('ref_axis',(0.999999999194724,0.,4.01316776721914E-5));
#2191=DIRECTION('center_axis',(0.,1.,0.));
#2192=DIRECTION('ref_axis',(-1.,0.,0.));
#2193=DIRECTION('center_axis',(-0.999999969043522,0.,-0.000248823141213007));
#2194=DIRECTION('ref_axis',(0.,1.,0.));
#2195=DIRECTION('',(0.,-1.,0.));
#2196=DIRECTION('',(0.,1.,0.));
#2197=DIRECTION('',(0.,-1.,0.));
#2198=DIRECTION('center_axis',(0.000248823141213007,0.,-0.999999969043522));
#2199=DIRECTION('ref_axis',(-0.999999969043522,0.,-0.000248823141213007));
#2200=DIRECTION('',(0.,-1.,0.));
#2201=DIRECTION('',(0.,1.,0.));
#2202=DIRECTION('center_axis',(-0.999999969043522,0.,-0.000248823141213192));
#2203=DIRECTION('ref_axis',(0.,1.,0.));
#2204=DIRECTION('',(0.,-1.,0.));
#2205=DIRECTION('',(0.,-1.,0.));
#2206=DIRECTION('',(0.,-1.,0.));
#2207=DIRECTION('center_axis',(1.,0.,0.));
#2208=DIRECTION('ref_axis',(0.,1.,0.));
#2209=DIRECTION('',(0.,-1.,0.));
#2210=DIRECTION('',(0.,-1.,0.));
#2211=DIRECTION('center_axis',(1.,0.,0.));
#2212=DIRECTION('ref_axis',(0.,1.,0.));
#2213=DIRECTION('',(0.,-1.,0.));
#2214=DIRECTION('',(0.,-1.,0.));
#2215=DIRECTION('',(0.,-1.,0.));
#2216=DIRECTION('center_axis',(0.,-1.,0.));
#2217=DIRECTION('ref_axis',(-1.,0.,0.));
#2218=DIRECTION('center_axis',(0.,-1.,0.));
#2219=DIRECTION('ref_axis',(-1.,0.,0.));
#2220=DIRECTION('center_axis',(0.,-1.,0.));
#2221=DIRECTION('ref_axis',(-1.,0.,0.));
#2222=DIRECTION('center_axis',(0.,-1.,0.));
#2223=DIRECTION('ref_axis',(-1.,0.,0.));
#2224=DIRECTION('center_axis',(0.,-1.,0.));
#2225=DIRECTION('ref_axis',(-1.,0.,0.));
#2226=DIRECTION('center_axis',(0.,-1.,0.));
#2227=DIRECTION('ref_axis',(-1.,0.,0.));
#2228=DIRECTION('center_axis',(0.,0.,-1.));
#2229=DIRECTION('ref_axis',(1.,0.,0.));
#2230=DIRECTION('center_axis',(0.,1.,0.));
#2231=DIRECTION('ref_axis',(0.999999999194724,0.,4.01316776721914E-5));
#2232=DIRECTION('center_axis',(0.000248823141213036,0.,-0.999999969043522));
#2233=DIRECTION('ref_axis',(-0.999999969043522,-5.37416720844381E-18,-0.000248823141213036));
#2234=DIRECTION('center_axis',(2.13566540062166E-13,0.,1.));
#2235=DIRECTION('ref_axis',(1.,4.20538298829469E-18,-2.13566540062166E-13));
#2236=DIRECTION('center_axis',(0.,1.,0.));
#2237=DIRECTION('ref_axis',(2.87672133651222E-5,0.,-0.999999999586224));
#2238=DIRECTION('center_axis',(0.,1.,0.));
#2239=DIRECTION('ref_axis',(0.,0.,1.));
#2240=DIRECTION('',(1.,0.,-2.13566540062166E-13));
#2241=DIRECTION('center_axis',(0.,1.,0.));
#2242=DIRECTION('ref_axis',(-0.999999999194724,0.,-4.01316770946476E-5));
#2243=DIRECTION('',(-0.000347314748100092,0.,0.999999939686231));
#2244=DIRECTION('center_axis',(0.,1.,0.));
#2245=DIRECTION('ref_axis',(2.87672133651222E-5,0.,-0.999999999586224));
#2246=DIRECTION('',(-0.999999969043522,0.,-0.000248823141213036));
#2247=DIRECTION('center_axis',(0.,1.,0.));
#2248=DIRECTION('ref_axis',(0.999999999194724,0.,4.01316776721914E-5));
#2249=DIRECTION('',(0.000347314747989951,0.,-0.999999939686231));
#2250=DIRECTION('',(-1.,2.6615066717227E-22,0.));
#2251=DIRECTION('',(0.,9.25187517068093E-18,1.));
#2252=DIRECTION('',(-1.,0.,0.));
#2253=DIRECTION('',(0.000347314747989951,0.,-0.999999939686231));
#2254=DIRECTION('center_axis',(0.,1.,0.));
#2255=DIRECTION('ref_axis',(-6.42326718164044E-8,0.,0.999999999999998));
#2256=DIRECTION('',(-1.3236582328244E-16,-9.25187517068093E-18,-1.));
#2257=DIRECTION('',(-1.,2.6615066717227E-22,0.));
#2258=DIRECTION('',(0.,9.25187517068093E-18,1.));
#2259=DIRECTION('',(1.,-2.6615066717227E-22,0.));
#2260=DIRECTION('center_axis',(2.6615066717227E-22,1.,-9.25187517068093E-18));
#2261=DIRECTION('ref_axis',(-1.,0.,0.));
#2262=DIRECTION('center_axis',(2.6615066717227E-22,1.,-9.25187517068093E-18));
#2263=DIRECTION('ref_axis',(-1.,0.,0.));
#2264=DIRECTION('center_axis',(2.6615066717227E-22,1.,-9.25187517068093E-18));
#2265=DIRECTION('ref_axis',(-1.,0.,0.));
#2266=DIRECTION('center_axis',(2.6615066717227E-22,1.,-9.25187517068093E-18));
#2267=DIRECTION('ref_axis',(-1.,0.,0.));
#2268=DIRECTION('center_axis',(2.6615066717227E-22,1.,-9.25187517068093E-18));
#2269=DIRECTION('ref_axis',(-1.,0.,0.));
#2270=DIRECTION('center_axis',(2.6615066717227E-22,1.,-9.25187517068093E-18));
#2271=DIRECTION('ref_axis',(-1.,0.,0.));
#2272=DIRECTION('center_axis',(2.6615066717227E-22,1.,-9.25187517068093E-18));
#2273=DIRECTION('ref_axis',(-1.,0.,0.));
#2274=DIRECTION('center_axis',(-0.999999939686231,0.,-0.000347314748100092));
#2275=DIRECTION('ref_axis',(-0.000347314748100092,-1.51023655613526E-18,
0.999999939686231));
#2276=DIRECTION('',(0.,1.,0.));
#2277=DIRECTION('',(-0.000347314748100092,-1.51023655613526E-18,0.999999939686231));
#2278=DIRECTION('',(0.,1.,0.));
#2279=DIRECTION('center_axis',(0.,1.,0.));
#2280=DIRECTION('ref_axis',(-0.999999999194724,0.,-4.01316770946476E-5));
#2281=DIRECTION('',(0.,1.,0.));
#2282=DIRECTION('center_axis',(-9.87656429741912E-34,1.,-3.96363089507731E-38));
#2283=DIRECTION('ref_axis',(-0.999999999194724,-9.87656430537248E-34,-4.01316770946476E-5));
#2284=DIRECTION('center_axis',(0.,1.,0.));
#2285=DIRECTION('ref_axis',(-6.42326718164044E-8,0.,0.999999999999998));
#2286=DIRECTION('',(0.,1.,0.));
#2287=DIRECTION('center_axis',(1.26625863494641E-38,1.,-1.97136223535235E-31));
#2288=DIRECTION('ref_axis',(-6.42326718164044E-8,1.97136223535235E-31,0.999999999999998));
#2289=DIRECTION('',(0.,1.,0.));
#2290=DIRECTION('center_axis',(0.,0.,1.));
#2291=DIRECTION('ref_axis',(-1.,0.,0.));
#2292=DIRECTION('',(0.,-1.,0.));
#2293=DIRECTION('',(-1.,2.6615066717227E-22,0.));
#2294=DIRECTION('',(0.,1.,0.));
#2295=DIRECTION('center_axis',(0.999999939686231,0.,0.000347314747989951));
#2296=DIRECTION('ref_axis',(0.000347314747989951,1.72968732980242E-18,-0.999999939686231));
#2297=DIRECTION('',(0.,1.,0.));
#2298=DIRECTION('',(0.000347314747989951,1.72968732980242E-18,-0.999999939686231));
#2299=DIRECTION('',(0.,-1.,0.));
#2300=DIRECTION('center_axis',(0.999999939686231,0.,0.000347314747989951));
#2301=DIRECTION('ref_axis',(0.000347314747989951,1.72968732980242E-18,-0.999999939686231));
#2302=DIRECTION('',(0.000347314747989951,1.72968732980242E-18,-0.999999939686231));
#2303=DIRECTION('center_axis',(0.,-1.,0.));
#2304=DIRECTION('ref_axis',(-1.,0.,0.));
#2305=DIRECTION('center_axis',(-2.6615066717227E-22,-1.,9.25187517068093E-18));
#2306=DIRECTION('ref_axis',(-1.,0.,0.));
#2307=DIRECTION('',(0.,-1.,0.));
#2308=DIRECTION('center_axis',(0.,-1.,0.));
#2309=DIRECTION('ref_axis',(-1.,0.,0.));
#2310=DIRECTION('center_axis',(-2.6615066717227E-22,-1.,9.25187517068093E-18));
#2311=DIRECTION('ref_axis',(-1.,0.,0.));
#2312=DIRECTION('',(0.,-1.,0.));
#2313=DIRECTION('center_axis',(0.,-1.,0.));
#2314=DIRECTION('ref_axis',(-1.,0.,0.));
#2315=DIRECTION('center_axis',(-2.6615066717227E-22,-1.,9.25187517068093E-18));
#2316=DIRECTION('ref_axis',(-1.,0.,0.));
#2317=DIRECTION('',(0.,-1.,0.));
#2318=DIRECTION('center_axis',(0.,-1.,0.));
#2319=DIRECTION('ref_axis',(-1.,0.,0.));
#2320=DIRECTION('center_axis',(-2.6615066717227E-22,-1.,9.25187517068093E-18));
#2321=DIRECTION('ref_axis',(-1.,0.,0.));
#2322=DIRECTION('',(0.,-1.,0.));
#2323=DIRECTION('center_axis',(0.,-1.,0.));
#2324=DIRECTION('ref_axis',(-1.,0.,0.));
#2325=DIRECTION('center_axis',(-2.6615066717227E-22,-1.,9.25187517068093E-18));
#2326=DIRECTION('ref_axis',(-1.,0.,0.));
#2327=DIRECTION('',(0.,-1.,0.));
#2328=DIRECTION('center_axis',(0.,-1.,0.));
#2329=DIRECTION('ref_axis',(-1.,0.,0.));
#2330=DIRECTION('center_axis',(-2.6615066717227E-22,-1.,9.25187517068093E-18));
#2331=DIRECTION('ref_axis',(-1.,0.,0.));
#2332=DIRECTION('',(0.,-1.,0.));
#2333=DIRECTION('center_axis',(2.13566540062166E-13,0.,1.));
#2334=DIRECTION('ref_axis',(1.,4.20538298829469E-18,-2.13566540062166E-13));
#2335=DIRECTION('',(1.,4.20538298829469E-18,-2.13566540062166E-13));
#2336=DIRECTION('center_axis',(0.000248823141213036,0.,-0.999999969043522));
#2337=DIRECTION('ref_axis',(-0.999999969043522,-5.37416720844381E-18,-0.000248823141213036));
#2338=DIRECTION('',(0.,1.,0.));
#2339=DIRECTION('',(-0.999999969043522,-5.37416720844381E-18,-0.000248823141213036));
#2340=DIRECTION('',(0.,1.,0.));
#2341=DIRECTION('center_axis',(-1.,0.,0.));
#2342=DIRECTION('ref_axis',(0.,0.,-1.));
#2343=DIRECTION('',(0.,-1.,0.));
#2344=DIRECTION('',(0.,-9.25187517068093E-18,-1.));
#2345=DIRECTION('center_axis',(0.,-1.,0.));
#2346=DIRECTION('ref_axis',(-1.,0.,0.));
#2347=DIRECTION('center_axis',(0.,-1.,0.));
#2348=DIRECTION('ref_axis',(-1.,0.,0.));
#2349=DIRECTION('',(0.,-1.,0.));
#2350=DIRECTION('center_axis',(0.,1.,0.));
#2351=DIRECTION('ref_axis',(-1.,0.,0.));
#2352=DIRECTION('center_axis',(0.,-1.,0.));
#2353=DIRECTION('ref_axis',(-1.,0.,0.));
#2354=DIRECTION('center_axis',(0.,-1.,0.));
#2355=DIRECTION('ref_axis',(-1.,0.,0.));
#2356=DIRECTION('',(0.,-1.,0.));
#2357=DIRECTION('center_axis',(0.,1.,0.));
#2358=DIRECTION('ref_axis',(-1.,0.,0.));
#2359=DIRECTION('center_axis',(0.,-1.,0.));
#2360=DIRECTION('ref_axis',(-1.,0.,0.));
#2361=DIRECTION('center_axis',(0.,-1.,0.));
#2362=DIRECTION('ref_axis',(-1.,0.,0.));
#2363=DIRECTION('',(0.,-1.,0.));
#2364=DIRECTION('center_axis',(0.,1.,0.));
#2365=DIRECTION('ref_axis',(-1.,0.,0.));
#2366=DIRECTION('center_axis',(0.,-1.,0.));
#2367=DIRECTION('ref_axis',(-1.,0.,0.));
#2368=DIRECTION('center_axis',(0.,-1.,0.));
#2369=DIRECTION('ref_axis',(-1.,0.,0.));
#2370=DIRECTION('',(0.,-1.,0.));
#2371=DIRECTION('center_axis',(0.,1.,0.));
#2372=DIRECTION('ref_axis',(-1.,0.,0.));
#2373=DIRECTION('center_axis',(0.,-1.,0.));
#2374=DIRECTION('ref_axis',(-1.,0.,0.));
#2375=DIRECTION('center_axis',(0.,-1.,0.));
#2376=DIRECTION('ref_axis',(-1.,0.,0.));
#2377=DIRECTION('',(0.,-1.,0.));
#2378=DIRECTION('center_axis',(0.,1.,0.));
#2379=DIRECTION('ref_axis',(-1.,0.,0.));
#2380=DIRECTION('center_axis',(0.,-1.,0.));
#2381=DIRECTION('ref_axis',(-1.,0.,0.));
#2382=DIRECTION('center_axis',(0.,-1.,0.));
#2383=DIRECTION('ref_axis',(-1.,0.,0.));
#2384=DIRECTION('',(0.,-1.,0.));
#2385=DIRECTION('center_axis',(0.,1.,0.));
#2386=DIRECTION('ref_axis',(-1.,0.,0.));
#2387=DIRECTION('center_axis',(0.,-1.,0.));
#2388=DIRECTION('ref_axis',(-1.,0.,0.));
#2389=DIRECTION('center_axis',(0.,-1.,0.));
#2390=DIRECTION('ref_axis',(-1.,0.,0.));
#2391=DIRECTION('',(0.,-1.,0.));
#2392=DIRECTION('center_axis',(0.,1.,0.));
#2393=DIRECTION('ref_axis',(-1.,0.,0.));
#2394=DIRECTION('center_axis',(0.,-1.,0.));
#2395=DIRECTION('ref_axis',(-1.,0.,0.));
#2396=DIRECTION('center_axis',(0.,-1.,0.));
#2397=DIRECTION('ref_axis',(-1.,0.,0.));
#2398=DIRECTION('',(0.,-1.,0.));
#2399=DIRECTION('center_axis',(0.,1.,0.));
#2400=DIRECTION('ref_axis',(-1.,0.,0.));
#2401=DIRECTION('center_axis',(0.,-1.,0.));
#2402=DIRECTION('ref_axis',(-1.,0.,0.));
#2403=DIRECTION('center_axis',(0.,-1.,0.));
#2404=DIRECTION('ref_axis',(-1.,0.,0.));
#2405=DIRECTION('',(0.,-1.,0.));
#2406=DIRECTION('center_axis',(0.,1.,0.));
#2407=DIRECTION('ref_axis',(-1.,0.,0.));
#2408=DIRECTION('center_axis',(0.,1.,0.));
#2409=DIRECTION('ref_axis',(-1.,0.,0.));
#2410=DIRECTION('center_axis',(-2.6615066717227E-22,-1.,9.25187517068093E-18));
#2411=DIRECTION('ref_axis',(-1.,0.,0.));
#2412=DIRECTION('center_axis',(0.,1.,0.));
#2413=DIRECTION('ref_axis',(-1.,0.,0.));
#2414=DIRECTION('center_axis',(0.,1.,0.));
#2415=DIRECTION('ref_axis',(-1.,0.,0.));
#2416=DIRECTION('',(0.,-1.,0.));
#2417=DIRECTION('center_axis',(-2.6615066717227E-22,-1.,9.25187517068093E-18));
#2418=DIRECTION('ref_axis',(-1.,0.,0.));
#2419=DIRECTION('center_axis',(0.,1.,0.));
#2420=DIRECTION('ref_axis',(-1.,0.,0.));
#2421=DIRECTION('center_axis',(0.,-1.,0.));
#2422=DIRECTION('ref_axis',(-1.,0.,0.));
#2423=DIRECTION('',(0.,-1.,0.));
#2424=DIRECTION('center_axis',(-1.,0.,0.));
#2425=DIRECTION('ref_axis',(0.,0.,-1.));
#2426=DIRECTION('',(0.,-1.,0.));
#2427=DIRECTION('',(0.,-9.25187517068093E-18,-1.));
#2428=DIRECTION('',(0.,-1.,0.));
#2429=DIRECTION('center_axis',(0.,0.,1.));
#2430=DIRECTION('ref_axis',(-1.,0.,0.));
#2431=DIRECTION('',(-1.,2.6615066717227E-22,0.));
#2432=DIRECTION('',(0.,-1.,0.));
#2433=DIRECTION('center_axis',(1.,0.,-1.3236582328244E-16));
#2434=DIRECTION('ref_axis',(1.3236582328244E-16,0.,1.));
#2435=DIRECTION('',(1.3236582328244E-16,9.25187517068093E-18,1.));
#2436=DIRECTION('',(0.,-1.,0.));
#2437=DIRECTION('center_axis',(0.,0.,-1.));
#2438=DIRECTION('ref_axis',(1.,0.,0.));
#2439=DIRECTION('',(1.,-2.6615066717227E-22,0.));
#2440=DIRECTION('center_axis',(2.6615066717227E-22,1.,-9.25187517068093E-18));
#2441=DIRECTION('ref_axis',(1.,-2.6615066717227E-22,0.));
#2442=DIRECTION('',(1.,-2.6615066717227E-22,0.));
#2443=DIRECTION('center_axis',(-1.18518771569029E-33,1.,-4.75635714254255E-38));
#2444=DIRECTION('ref_axis',(0.999999999194724,1.1851877166447E-33,4.01316776721914E-5));
#2445=DIRECTION('center_axis',(2.66150667172582E-22,1.,-9.25187517068093E-18));
#2446=DIRECTION('ref_axis',(2.87672133651222E-5,-9.25187517450914E-18,-0.999999999586224));
#2447=DIRECTION('center_axis',(0.,0.,-1.));
#2448=DIRECTION('ref_axis',(1.,0.,0.));
#2449=DIRECTION('center_axis',(0.,1.,0.));
#2450=DIRECTION('ref_axis',(0.999999999194724,0.,4.01316776721914E-5));
#2451=DIRECTION('center_axis',(0.,1.,0.));
#2452=DIRECTION('ref_axis',(2.87672133651222E-5,0.,-0.999999999586224));
#2453=CARTESIAN_POINT('',(0.,0.,0.));
#2454=CARTESIAN_POINT('Origin',(-31.4916400639463,5.02291774397131E-17,
-8.57093668795287));
#2455=CARTESIAN_POINT('',(-31.4916400639463,9.,-8.57093668795287));
#2456=CARTESIAN_POINT('',(-31.4999999843002,9.,15.4992183958254));
#2457=CARTESIAN_POINT('',(-31.4937775989517,9.,-2.41647625073173));
#2458=CARTESIAN_POINT('',(-31.4916400639463,5.0234353573357E-17,-8.57093668795287));
#2459=CARTESIAN_POINT('',(-31.4916400639463,5.0234353573357E-17,-8.57093668795287));
#2460=CARTESIAN_POINT('',(-31.4999999843002,1.38775471278424E-17,15.4992183958254));
#2461=CARTESIAN_POINT('',(-31.4999999843002,1.38775471278424E-17,15.4992183958254));
#2462=CARTESIAN_POINT('',(-31.4999999843002,1.38775471278424E-17,15.4992183958254));
#2463=CARTESIAN_POINT('Origin',(-12.0000009635,1.38775471278424E-17,15.50000096349));
#2464=CARTESIAN_POINT('',(-12.0000000000066,9.,34.9999999999965));
#2465=CARTESIAN_POINT('Origin',(-12.0000009635,9.,15.50000096349));
#2466=CARTESIAN_POINT('',(-11.9999999999991,1.38775471278424E-17,34.999999999993));
#2467=CARTESIAN_POINT('Origin',(-12.0000009635,1.38775471278424E-17,15.50000096349));
#2468=CARTESIAN_POINT('',(-11.9999999999991,1.38775471278424E-17,34.999999999993));
#2469=CARTESIAN_POINT('Origin',(21.00000096349,1.38775471278424E-17,15.5000009634901));
#2470=CARTESIAN_POINT('',(20.9999997109454,9.,34.9999999999965));
#2471=CARTESIAN_POINT('',(40.4916400639389,9.,16.0709366879539));
#2472=CARTESIAN_POINT('Origin',(21.00000096349,9.,15.5000009634901));
#2473=CARTESIAN_POINT('',(20.9999997109529,1.38775471278463E-17,34.999999999993));
#2474=CARTESIAN_POINT('',(20.9999997109529,1.38775471278463E-17,34.999999999993));
#2475=CARTESIAN_POINT('',(40.4916400639389,1.38775471278425E-17,16.0709366879539));
#2476=CARTESIAN_POINT('Origin',(21.00000096349,1.38775471278424E-17,15.5000009634901));
#2477=CARTESIAN_POINT('',(40.4916400639389,1.38775471278425E-17,16.0709366879539));
#2478=CARTESIAN_POINT('Origin',(4.49999999999495,3.5,3.75000000000004));
#2479=CARTESIAN_POINT('',(-12.0003108838614,3.5,-24.000000100279));
#2480=CARTESIAN_POINT('',(-27.9916587327168,3.5,-8.51657715369464));
#2481=CARTESIAN_POINT('Origin',(-12.0000009635001,3.5,-8.00000096349998));
#2482=CARTESIAN_POINT('',(-28.0000001953984,3.5,15.5004339974437));
#2483=CARTESIAN_POINT('',(-27.9937777256351,3.5,-2.41550369880446));
#2484=CARTESIAN_POINT('',(-11.9999999999998,3.5,31.499999999993));
#2485=CARTESIAN_POINT('Origin',(-12.0000009635,3.5,15.50000096349));
#2486=CARTESIAN_POINT('',(20.9999997109522,3.5,31.499999999993));
#2487=CARTESIAN_POINT('',(-3.74999999999948,3.5,31.4999999999983));
#2488=CARTESIAN_POINT('',(36.9916587327094,3.5,16.0165771536947));
#2489=CARTESIAN_POINT('Origin',(21.00000096349,3.5,15.5000009634901));
#2490=CARTESIAN_POINT('',(37.0000001953883,3.5,-8.00043399744197));
#2491=CARTESIAN_POINT('',(36.993777725627,3.5,9.91550369880343));
#2492=CARTESIAN_POINT('',(21.5165275495461,3.5,-23.991660334998));
#2493=CARTESIAN_POINT('Origin',(21.0000009634899,3.5,-8.00000096349995));
#2494=CARTESIAN_POINT('',(13.038367010951,3.5,-23.9937698976006));
#2495=CARTESIAN_POINT('Origin',(-12.0000009635001,5.55113919137266E-17,
-8.00000096349998));
#2496=CARTESIAN_POINT('',(-12.0003108838614,9.,-24.000000100279));
#2497=CARTESIAN_POINT('',(-12.0003108838614,-1.2490016507502E-16,-24.000000100279));
#2498=CARTESIAN_POINT('',(-27.9916587327168,9.,-8.51657715369463));
#2499=CARTESIAN_POINT('Origin',(-12.0000009635001,9.,-8.00000096349998));
#2500=CARTESIAN_POINT('',(-27.9916587327172,5.55113919137266E-17,-8.51657715365835));
#2501=CARTESIAN_POINT('Origin',(-27.9916402750445,5.02291774397131E-17,
-8.56972108633452));
#2502=CARTESIAN_POINT('',(-28.0000001953984,9.,15.5004339974437));
#2503=CARTESIAN_POINT('',(-27.9937777256351,9.,-2.41550369880446));
#2504=CARTESIAN_POINT('',(-28.0000001953984,1.38775471278424E-17,15.5004339974437));
#2505=CARTESIAN_POINT('Origin',(-12.0000009635,1.38775471278424E-17,15.50000096349));
#2506=CARTESIAN_POINT('',(-11.9999999999998,9.,31.499999999993));
#2507=CARTESIAN_POINT('Origin',(-12.0000009635,9.,15.50000096349));
#2508=CARTESIAN_POINT('',(-11.9999999999998,1.38775471278424E-17,31.499999999993));
#2509=CARTESIAN_POINT('Origin',(21.00000096349,1.38775471278424E-17,15.5000009634901));
#2510=CARTESIAN_POINT('',(20.9999997109522,9.,31.499999999993));
#2511=CARTESIAN_POINT('',(20.9999997109522,1.38775471278463E-17,31.499999999993));
#2512=CARTESIAN_POINT('',(36.9916587327094,9.,16.0165771536947));
#2513=CARTESIAN_POINT('Origin',(21.00000096349,9.,15.5000009634901));
#2514=CARTESIAN_POINT('',(36.9916587327098,1.38775471278424E-17,16.0165771536585));
#2515=CARTESIAN_POINT('Origin',(36.9916402750371,1.38775471278426E-17,16.069721086336));
#2516=CARTESIAN_POINT('',(36.9986601241864,5.,-4.14205732681171));
#2517=CARTESIAN_POINT('',(36.9986601241864,9.,-4.14205732681171));
#2518=CARTESIAN_POINT('',(36.9986601241864,5.5,-4.14205732681171));
#2519=CARTESIAN_POINT('',(37.0000001953883,9.,-8.00043399744197));
#2520=CARTESIAN_POINT('',(36.993777725627,9.,9.91550369880343));
#2521=CARTESIAN_POINT('',(37.0000001953883,5.55113919137266E-17,-8.00043399744197));
#2522=CARTESIAN_POINT('',(36.9965762355728,9.,1.8579426731883));
#2523=CARTESIAN_POINT('',(36.993777725627,9.,9.91550369880343));
#2524=CARTESIAN_POINT('',(36.9965762355728,5.,1.8579426731883));
#2525=CARTESIAN_POINT('',(36.9965762355728,5.5,1.8579426731883));
#2526=CARTESIAN_POINT('',(36.9946289712281,5.,7.46456962630634));
#2527=CARTESIAN_POINT('Origin',(21.0000009634899,5.55113919137266E-17,-8.00000096349995));
#2528=CARTESIAN_POINT('',(21.5165275495461,9.,-23.991660334998));
#2529=CARTESIAN_POINT('Origin',(21.0000009634899,9.,-8.00000096349995));
#2530=CARTESIAN_POINT('',(21.5165275495097,5.55113919137266E-17,-23.9916603349984));
#2531=CARTESIAN_POINT('Origin',(21.5698302015102,5.55113919137228E-17,-23.9916470720646));
#2532=CARTESIAN_POINT('',(13.038367010951,9.,-23.9937698976006));
#2533=CARTESIAN_POINT('Origin',(-11.9999999999998,-1.24900090270321E-16,
31.5000000000001));
#2534=CARTESIAN_POINT('',(-3.4999999217689,8.99999979883432,31.4999999999965));
#2535=CARTESIAN_POINT('',(-3.4999999217689,5.59000007599592,31.4999999999965));
#2536=CARTESIAN_POINT('',(-3.4999999217689,2.79500003799796,31.4999999999983));
#2537=CARTESIAN_POINT('',(5.74999987147748,5.59000007599592,31.4999999999965));
#2538=CARTESIAN_POINT('',(-3.12500006426155,5.59000007599592,31.4999999999982));
#2539=CARTESIAN_POINT('',(5.74999987147748,8.99999979883432,31.4999999999965));
#2540=CARTESIAN_POINT('',(5.74999987147748,4.49999989941716,31.4999999999963));
#2541=CARTESIAN_POINT('',(-3.74999999999948,9.,31.4999999999983));
#2542=CARTESIAN_POINT('',(-3.74999999999948,9.,31.4999999999983));
#2543=CARTESIAN_POINT('Origin',(5.74999987147748,5.59000007599592,34.9999999999965));
#2544=CARTESIAN_POINT('',(5.74999987147748,5.59000007599592,34.9999999999965));
#2545=CARTESIAN_POINT('',(-3.4999999217689,5.59000007599592,34.9999999999965));
#2546=CARTESIAN_POINT('',(-3.1250000642608,5.59000007599592,34.9999999999982));
#2547=CARTESIAN_POINT('',(5.74999987147748,5.59000007599592,34.9999999999965));
#2548=CARTESIAN_POINT('',(-3.4999999217689,5.59000007599592,34.9999999999965));
#2549=CARTESIAN_POINT('Origin',(-3.4999999217689,5.59000007599592,34.9999999999965));
#2550=CARTESIAN_POINT('',(-3.4999999217689,8.99999979883432,34.9999999999965));
#2551=CARTESIAN_POINT('',(-3.4999999217689,2.79500003799796,34.9999999999983));
#2552=CARTESIAN_POINT('',(-3.4999999217689,9.,19.3749999999983));
#2553=CARTESIAN_POINT('Origin',(5.74999987147748,8.99999979883432,34.9999999999965));
#2554=CARTESIAN_POINT('',(5.74999987147748,8.99999979883432,34.9999999999965));
#2555=CARTESIAN_POINT('',(5.74999987147748,4.49999989941716,34.9999999999963));
#2556=CARTESIAN_POINT('',(5.74999987147748,9.,19.3749999999983));
#2557=CARTESIAN_POINT('Origin',(40.4916400639389,1.38775471278426E-17,16.0709366879539));
#2558=CARTESIAN_POINT('',(40.496576446671,9.,1.8579426731883));
#2559=CARTESIAN_POINT('',(40.4937774301141,9.,9.91696235011248));
#2560=CARTESIAN_POINT('',(40.4999999842901,5.55113919137266E-17,-7.99921839582401));
#2561=CARTESIAN_POINT('',(40.4999999842901,5.55113919137266E-17,-7.99921839582401));
#2562=CARTESIAN_POINT('',(40.4999999842901,9.,-7.99921839582401));
#2563=CARTESIAN_POINT('',(40.4999999842901,5.55113919137266E-17,-7.99921839582401));
#2564=CARTESIAN_POINT('',(40.4986603352846,9.,-4.1420573268117));
#2565=CARTESIAN_POINT('',(40.4937774301141,9.,9.91696235011248));
#2566=CARTESIAN_POINT('',(40.4986603352846,5.,-4.14205732681171));
#2567=CARTESIAN_POINT('',(40.4986603352846,5.5,-4.1420573268117));
#2568=CARTESIAN_POINT('',(40.496576446671,5.,1.8579426731883));
#2569=CARTESIAN_POINT('',(40.4946287601299,5.,7.4657852279243));
#2570=CARTESIAN_POINT('',(40.496576446671,5.5,1.8579426731883));
#2571=CARTESIAN_POINT('Origin',(32.7493298882455,5.,-1.14205732681171));
#2572=CARTESIAN_POINT('',(49.1825831783171,5.,1.8579426731883));
#2573=CARTESIAN_POINT('',(24.9999994412065,5.,-4.14205732681171));
#2574=CARTESIAN_POINT('Origin',(40.496576446671,11.,1.8579426731883));
#2575=CARTESIAN_POINT('',(22.498288223333,9.,1.8579426731883));
#2576=CARTESIAN_POINT('Origin',(-3.99944025051901,9.,-27.4980094068017));
#2577=CARTESIAN_POINT('',(-3.99780814850323,5.85333001520612,-34.057294677873));
#2578=CARTESIAN_POINT('',(-3.99780814850322,9.,-34.057294677873));
#2579=CARTESIAN_POINT('',(-3.99780814850322,9.,-34.057294677873));
#2580=CARTESIAN_POINT('',(-3.99944025051901,9.,-27.4980094068017));
#2581=CARTESIAN_POINT('',(-3.99944025051901,9.,-27.4980094068017));
#2582=CARTESIAN_POINT('',(-3.99944025051901,-1.2490016507502E-16,-27.4980094068017));
#2583=CARTESIAN_POINT('',(-3.99944025051901,4.5,-27.4980094068017));
#2584=CARTESIAN_POINT('',(-3.99780814850322,0.,-34.057294677873));
#2585=CARTESIAN_POINT('',(-3.99944025051901,-1.2490016507502E-16,-27.4980094068017));
#2586=CARTESIAN_POINT('',(-3.99780814850323,3.14666998479388,-34.057294677873));
#2587=CARTESIAN_POINT('',(-3.99780814850322,9.,-34.057294677873));
#2588=CARTESIAN_POINT('',(-3.99895323815495,4.5,-29.4552724917333));
#2589=CARTESIAN_POINT('Origin',(-3.99833118030192,4.5,-31.9552724143421));
#2590=CARTESIAN_POINT('Origin',(-3.99833118030192,4.5,-31.9552724143421));
#2591=CARTESIAN_POINT('Origin',(21.5707010825044,9.,-27.491646963717));
#2592=CARTESIAN_POINT('',(21.5722993066832,6.04445943173221,-33.914779963007));
#2593=CARTESIAN_POINT('',(21.5722993066832,9.,-33.914779963007));
#2594=CARTESIAN_POINT('',(21.5722993066832,9.,-33.914779963007));
#2595=CARTESIAN_POINT('',(21.5707010825044,9.,-27.491646963717));
#2596=CARTESIAN_POINT('',(21.5707010825044,9.,-27.491646963717));
#2597=CARTESIAN_POINT('',(21.5707010825044,5.55113919137266E-17,-27.491646963717));
#2598=CARTESIAN_POINT('',(21.5707010825044,5.55113919137266E-17,-27.491646963717));
#2599=CARTESIAN_POINT('',(21.5722993066832,0.,-33.914779963007));
#2600=CARTESIAN_POINT('',(21.5707010825044,0.,-27.491646963717));
#2601=CARTESIAN_POINT('',(21.5722993066832,2.95554056826779,-33.914779963007));
#2602=CARTESIAN_POINT('',(21.5722993066832,9.,-33.914779963007));
#2603=CARTESIAN_POINT('',(21.5711880948685,4.5,-29.4489100486485));
#2604=CARTESIAN_POINT('Origin',(21.5718101527215,4.5,-31.9489099712574));
#2605=CARTESIAN_POINT('Origin',(21.5718101527215,4.5,-31.9489099712574));
#2606=CARTESIAN_POINT('Origin',(21.5718101527215,4.5,-31.9489099712574));
#2607=CARTESIAN_POINT('Ctrl Pts',(21.5722993066832,2.95554056826779,-33.914779963007));
#2608=CARTESIAN_POINT('Ctrl Pts',(21.5086230645222,3.12789632630541,-34.0502048002129));
#2609=CARTESIAN_POINT('Ctrl Pts',(21.4454006854305,3.32373372111537,-34.1665912278767));
#2610=CARTESIAN_POINT('Ctrl Pts',(21.3201019686419,3.83980786804405,-34.3830468166474));
#2611=CARTESIAN_POINT('Ctrl Pts',(21.2752460121964,4.17739920718868,-34.4489838406718));
#2612=CARTESIAN_POINT('Ctrl Pts',(21.2752460121964,4.5,-34.4489838406718));
#2613=CARTESIAN_POINT('Ctrl Pts',(21.2752460121964,4.82260079281132,-34.4489838406718));
#2614=CARTESIAN_POINT('Ctrl Pts',(21.3201019686419,5.16019213195596,-34.3830468166474));
#2615=CARTESIAN_POINT('Ctrl Pts',(21.4454006854305,5.67626627888463,-34.1665912278767));
#2616=CARTESIAN_POINT('Ctrl Pts',(21.5086230645222,5.87210367369458,-34.0502048002129));
#2617=CARTESIAN_POINT('Ctrl Pts',(21.5722993066832,6.04445943173221,-33.914779963007));
#2618=CARTESIAN_POINT('',(13.5711883425203,4.5,-29.4509006337783));
#2619=CARTESIAN_POINT('',(21.5711880948685,4.5,-29.4489100486485));
#2620=CARTESIAN_POINT('',(13.5723691067094,5.59918129005539,-34.196295884484));
#2621=CARTESIAN_POINT('Origin',(13.5718104003733,4.5,-31.9509005563871));
#2622=CARTESIAN_POINT('',(13.5723691067094,3.40081870994461,-34.196295884484));
#2623=CARTESIAN_POINT('Ctrl Pts',(13.5723691067094,5.59918129005539,-34.196295884484));
#2624=CARTESIAN_POINT('Ctrl Pts',(13.5842553678443,5.55575336090016,-34.217552064038));
#2625=CARTESIAN_POINT('Ctrl Pts',(13.5956914465388,5.5116045593025,-34.237598090983));
#2626=CARTESIAN_POINT('Ctrl Pts',(13.6810849400414,5.16019213195595,-34.3849475809191));
#2627=CARTESIAN_POINT('Ctrl Pts',(13.7259737042465,4.82260079281132,-34.4508622743795));
#2628=CARTESIAN_POINT('Ctrl Pts',(13.7259737042465,4.5,-34.4508622743795));
#2629=CARTESIAN_POINT('Ctrl Pts',(13.7259737042465,4.17739920718868,-34.4508622743795));
#2630=CARTESIAN_POINT('Ctrl Pts',(13.6810849400414,3.83980786804405,-34.3849475809191));
#2631=CARTESIAN_POINT('Ctrl Pts',(13.5956914465388,3.48839544069749,-34.237598090983));
#2632=CARTESIAN_POINT('Ctrl Pts',(13.5842553678443,3.44424663909985,-34.217552064038));
#2633=CARTESIAN_POINT('Ctrl Pts',(13.5723691067094,3.40081870994461,-34.196295884484));
#2634=CARTESIAN_POINT('Origin',(13.5718104003733,4.5,-31.9509005563871));
#2635=CARTESIAN_POINT('Origin',(21.5718101527215,4.5,-31.9489099712574));
#2636=CARTESIAN_POINT('Ctrl Pts',(-3.99780814850322,3.14666998479388,-34.057294677873));
#2637=CARTESIAN_POINT('Ctrl Pts',(-4.03796456700342,3.26799057973925,-34.1354136438493));
#2638=CARTESIAN_POINT('Ctrl Pts',(-4.07613295030635,3.39777280547399,-34.2039922630602));
#2639=CARTESIAN_POINT('Ctrl Pts',(-4.18385343535138,3.83978999580812,-34.3893827007165));
#2640=CARTESIAN_POINT('Ctrl Pts',(-4.22887858396122,4.17736824059119,-34.4553298572642));
#2641=CARTESIAN_POINT('Ctrl Pts',(-4.22887858396122,4.5,-34.4553298572642));
#2642=CARTESIAN_POINT('Ctrl Pts',(-4.22887858396122,4.82238822417747,-34.4553298572642));
#2643=CARTESIAN_POINT('Ctrl Pts',(-4.18392174487323,5.15973865177346,-34.3894797446937));
#2644=CARTESIAN_POINT('Ctrl Pts',(-4.07625278572906,5.60181974407508,-34.204207553788));
#2645=CARTESIAN_POINT('Ctrl Pts',(-4.03802657144046,5.73182209241947,-34.1355342652266));
#2646=CARTESIAN_POINT('Ctrl Pts',(-3.99780814850322,5.85333001520612,-34.057294677873));
#2647=CARTESIAN_POINT('',(-11.9989529905031,4.5,-29.457263076863));
#2648=CARTESIAN_POINT('',(21.5711880948685,4.5,-29.4489100486485));
#2649=CARTESIAN_POINT('',(-11.9978062787355,5.8431503355234,-34.0658044149819));
#2650=CARTESIAN_POINT('Origin',(-11.9983309326501,4.5,-31.9572629994718));
#2651=CARTESIAN_POINT('',(-11.9978062787355,3.1568496644766,-34.0658044149819));
#2652=CARTESIAN_POINT('Ctrl Pts',(-11.9978062787355,5.8431503355234,-34.0658044149819));
#2653=CARTESIAN_POINT('Ctrl Pts',(-11.9587804180684,5.72457387890553,-34.1413284389587));
#2654=CARTESIAN_POINT('Ctrl Pts',(-11.9217286996101,5.5980399753608,-34.2077435276643));
#2655=CARTESIAN_POINT('Ctrl Pts',(-11.8148889055782,5.15973865177346,-34.3913785059719));
#2656=CARTESIAN_POINT('Ctrl Pts',(-11.7698993019943,4.82238822417747,-34.4572062377853));
#2657=CARTESIAN_POINT('Ctrl Pts',(-11.7698993019943,4.5,-34.4572062377853));
#2658=CARTESIAN_POINT('Ctrl Pts',(-11.7698993019943,4.17736824059119,-34.4572062377853));
#2659=CARTESIAN_POINT('Ctrl Pts',(-11.8149572633852,3.83978999580812,-34.3912814960007));
#2660=CARTESIAN_POINT('Ctrl Pts',(-11.9218482487978,3.40155183231619,-34.2075292254041));
#2661=CARTESIAN_POINT('Ctrl Pts',(-11.958842422889,3.27523772520034,-34.1412084453576));
#2662=CARTESIAN_POINT('Ctrl Pts',(-11.9978062787355,3.1568496644766,-34.0658044149819));
#2663=CARTESIAN_POINT('Origin',(-11.9983309326501,4.5,-31.9572629994718));
#2664=CARTESIAN_POINT('Origin',(20.9999997109454,9.,34.9999999999965));
#2665=CARTESIAN_POINT('',(12.9999997109454,9.,41.5615523490436));
#2666=CARTESIAN_POINT('',(20.9999997109454,9.,41.5615544537651));
#2667=CARTESIAN_POINT('Origin',(17.0000002533197,9.,39.5000005885959));
#2668=CARTESIAN_POINT('',(20.9999997109454,9.,34.9999999999965));
#2669=CARTESIAN_POINT('',(12.9999997109454,9.,34.9999999999965));
#2670=CARTESIAN_POINT('',(-3.74999999999874,9.,34.9999999999983));
#2671=CARTESIAN_POINT('',(12.9999997109454,9.,34.9999999999965));
#2672=CARTESIAN_POINT('Origin',(12.9999997109454,9.,34.9999999999965));
#2673=CARTESIAN_POINT('',(12.9999997109454,5.91421423841595,41.5615523490436));
#2674=CARTESIAN_POINT('',(12.9999997109454,9.,41.5615523490436));
#2675=CARTESIAN_POINT('',(12.9999997109454,1.38775471278463E-17,34.9999999999965));
#2676=CARTESIAN_POINT('',(12.9999997109454,4.5,34.9999999999947));
#2677=CARTESIAN_POINT('',(12.9999997109454,0.,41.5615523490436));
#2678=CARTESIAN_POINT('',(12.9999997109454,1.38775471278463E-17,34.9999999999965));
#2679=CARTESIAN_POINT('',(12.9999997109454,3.08578576158405,41.5615523490436));
#2680=CARTESIAN_POINT('',(12.9999997109454,9.,41.5615523490436));
#2681=CARTESIAN_POINT('',(12.9999997109454,4.5,36.9999999999965));
#2682=CARTESIAN_POINT('Origin',(12.9999997109454,4.5,39.4999999999965));
#2683=CARTESIAN_POINT('Origin',(12.9999997109454,4.5,39.4999999999965));
#2684=CARTESIAN_POINT('Origin',(-12.0000000000066,9.,34.9999999999965));
#2685=CARTESIAN_POINT('',(-12.0000000000066,5.914215355175,41.5615515829523));
#2686=CARTESIAN_POINT('',(-12.0000000000066,9.,41.5615515829523));
#2687=CARTESIAN_POINT('',(-12.0000000000066,9.,41.5615515829523));
#2688=CARTESIAN_POINT('',(-12.0000000000066,9.,34.9999999999965));
#2689=CARTESIAN_POINT('',(-12.0000000000066,0.,41.5615515829523));
#2690=CARTESIAN_POINT('',(-12.0000000000066,0.,34.9999999999965));
#2691=CARTESIAN_POINT('',(-12.0000000000066,3.085784644825,41.5615515829523));
#2692=CARTESIAN_POINT('',(-12.0000000000066,9.,41.5615515829523));
#2693=CARTESIAN_POINT('',(-12.0000000000066,4.5,36.9999999999965));
#2694=CARTESIAN_POINT('Origin',(-12.0000000000066,4.5,39.4999999999965));
#2695=CARTESIAN_POINT('Origin',(-12.0000000000066,4.5,39.4999999999965));
#2696=CARTESIAN_POINT('Origin',(-12.0000000000066,4.5,39.4999999999965));
#2697=CARTESIAN_POINT('Ctrl Pts',(-12.0000000000066,3.085784644825,41.5615515829523));
#2698=CARTESIAN_POINT('Ctrl Pts',(-11.9510513275235,3.22423216918318,41.6565259781855));
#2699=CARTESIAN_POINT('Ctrl Pts',(-11.9041457740943,3.37488476718745,41.7391117890727));
#2700=CARTESIAN_POINT('Ctrl Pts',(-11.7878817168065,3.83966590984156,41.9339933183549));
#2701=CARTESIAN_POINT('Ctrl Pts',(-11.7416566180539,4.17714982475874,41.9999999999965));
#2702=CARTESIAN_POINT('Ctrl Pts',(-11.7416566180539,4.5,41.9999999999965));
#2703=CARTESIAN_POINT('Ctrl Pts',(-11.7416566180539,4.82285017524126,41.9999999999965));
#2704=CARTESIAN_POINT('Ctrl Pts',(-11.7878817168065,5.16033409015844,41.9339933183549));
#2705=CARTESIAN_POINT('Ctrl Pts',(-11.9041457740943,5.62511523281255,41.7391117890727));
#2706=CARTESIAN_POINT('Ctrl Pts',(-11.9510513275235,5.77576783081682,41.6565259781855));
#2707=CARTESIAN_POINT('Ctrl Pts',(-12.0000000000066,5.914215355175,41.5615515829523));
#2708=CARTESIAN_POINT('',(-4.00000000000656,4.5,36.9999999999965));
#2709=CARTESIAN_POINT('',(-12.0000000000066,4.5,36.9999999999965));
#2710=CARTESIAN_POINT('',(-4.00000000000656,5.91421434361487,41.5615522768777));
#2711=CARTESIAN_POINT('Origin',(-4.00000000000656,4.5,39.4999999999965));
#2712=CARTESIAN_POINT('',(-4.00000000000656,3.08578565638514,41.5615522768777));
#2713=CARTESIAN_POINT('Ctrl Pts',(-4.00000000000656,5.91421434361487,41.5615522768777));
#2714=CARTESIAN_POINT('Ctrl Pts',(-4.04894854347336,5.77576709751921,41.6565263813223));
#2715=CARTESIAN_POINT('Ctrl Pts',(-4.09585396476614,5.62511484708764,41.7391119508062));
#2716=CARTESIAN_POINT('Ctrl Pts',(-4.21211792556562,5.16033409015844,41.9339933183549));
#2717=CARTESIAN_POINT('Ctrl Pts',(-4.2583430243182,4.82285017524126,41.9999999999965));
#2718=CARTESIAN_POINT('Ctrl Pts',(-4.2583430243182,4.5,41.9999999999965));
#2719=CARTESIAN_POINT('Ctrl Pts',(-4.2583430243182,4.17714982475874,41.9999999999965));
#2720=CARTESIAN_POINT('Ctrl Pts',(-4.21211792556562,3.83966590984156,41.9339933183549));
#2721=CARTESIAN_POINT('Ctrl Pts',(-4.09585396476614,3.37488515291236,41.7391119508062));
#2722=CARTESIAN_POINT('Ctrl Pts',(-4.04894854347336,3.22423290248079,41.6565263813223));
#2723=CARTESIAN_POINT('Ctrl Pts',(-4.00000000000656,3.08578565638514,41.5615522768777));
#2724=CARTESIAN_POINT('Origin',(-4.00000000000656,4.5,39.4999999999965));
#2725=CARTESIAN_POINT('Origin',(-12.0000000000066,4.5,39.4999999999965));
#2726=CARTESIAN_POINT('Ctrl Pts',(12.9999997109454,3.08578576158406,41.5615523490436));
#2727=CARTESIAN_POINT('Ctrl Pts',(13.0489481967969,3.22423297880003,41.6565264232875));
#2728=CARTESIAN_POINT('Ctrl Pts',(13.0958535629127,3.37488519191564,41.7391119668225));
#2729=CARTESIAN_POINT('Ctrl Pts',(13.2121174148628,3.83966591404492,41.9339933207703));
#2730=CARTESIAN_POINT('Ctrl Pts',(13.2583424732714,4.1771498322583,41.9999999999965));
#2731=CARTESIAN_POINT('Ctrl Pts',(13.2583424732714,4.5,41.9999999999965));
#2732=CARTESIAN_POINT('Ctrl Pts',(13.2583424732714,4.8228501677417,41.9999999999965));
#2733=CARTESIAN_POINT('Ctrl Pts',(13.2121174148628,5.16033408595508,41.9339933207703));
#2734=CARTESIAN_POINT('Ctrl Pts',(13.0958535629127,5.62511480808436,41.7391119668225));
#2735=CARTESIAN_POINT('Ctrl Pts',(13.0489481967969,5.77576702119998,41.6565264232874));
#2736=CARTESIAN_POINT('Ctrl Pts',(12.9999997109454,5.91421423841594,41.5615523490436));
#2737=CARTESIAN_POINT('',(20.9999997109454,4.5,36.9999999999965));
#2738=CARTESIAN_POINT('',(-12.0000000000066,4.5,36.9999999999965));
#2739=CARTESIAN_POINT('',(20.9999997109454,5.91421117028088,41.5615544537651));
#2740=CARTESIAN_POINT('Origin',(20.9999997109454,4.5,39.4999999999965));
#2741=CARTESIAN_POINT('',(20.9999997109454,3.08578882971912,41.5615544537651));
#2742=CARTESIAN_POINT('Ctrl Pts',(20.9999997109454,5.91421117028088,41.5615544537651));
#2743=CARTESIAN_POINT('Ctrl Pts',(20.9510516164091,5.77576479705668,41.6565276460281));
#2744=CARTESIAN_POINT('Ctrl Pts',(20.9041466510713,5.62511363815392,41.7391124573713));
#2745=CARTESIAN_POINT('Ctrl Pts',(20.7878830917766,5.16033408595508,41.9339933207703));
#2746=CARTESIAN_POINT('Ctrl Pts',(20.7416580333681,4.8228501677417,41.9999999999965));
#2747=CARTESIAN_POINT('Ctrl Pts',(20.7416580333681,4.5,41.9999999999965));
#2748=CARTESIAN_POINT('Ctrl Pts',(20.7416580333681,4.1771498322583,41.9999999999965));
#2749=CARTESIAN_POINT('Ctrl Pts',(20.7878830917766,3.83966591404492,41.9339933207703));
#2750=CARTESIAN_POINT('Ctrl Pts',(20.9041466510713,3.37488636184608,41.7391124573713));
#2751=CARTESIAN_POINT('Ctrl Pts',(20.9510516164091,3.22423520294332,41.6565276460281));
#2752=CARTESIAN_POINT('Ctrl Pts',(20.9999997109454,3.08578882971912,41.5615544537651));
#2753=CARTESIAN_POINT('Origin',(20.9999997109454,4.5,39.4999999999965));
#2754=CARTESIAN_POINT('Origin',(4.49999999999495,1.64216542597145E-16,3.75000000000004));
#2755=CARTESIAN_POINT('',(-4.00000000000656,0.,41.5615522768777));
#2756=CARTESIAN_POINT('Origin',(-7.99999982118607,0.,39.4999991171062));
#2757=CARTESIAN_POINT('',(-11.9994400028672,-1.2490016507502E-16,-27.4999999919314));
#2758=CARTESIAN_POINT('Origin',(-12.0000009635001,5.55113919137266E-17,
-8.00000096349998));
#2759=CARTESIAN_POINT('',(-11.9978062787355,0.,-34.0658044149819));
#2760=CARTESIAN_POINT('',(-11.9994400028672,0.,-27.4999999919314));
#2761=CARTESIAN_POINT('',(-8.0935300029547,0.,-36.4990283897142));
#2762=CARTESIAN_POINT('Origin',(-8.00000011920929,0.,-32.0000004768372));
#2763=CARTESIAN_POINT('',(-7.90423132259674,0.,-36.4989812878204));
#2764=CARTESIAN_POINT('',(-11.9972005945963,-1.2490016507502E-16,-36.4999997133231));
#2765=CARTESIAN_POINT('Origin',(-8.00000011920929,0.,-32.0000004768372));
#2766=CARTESIAN_POINT('',(13.5707013301563,5.55113919137266E-17,-27.4936375488467));
#2767=CARTESIAN_POINT('',(-11.9994400028672,-1.2490016507502E-16,-27.4999999919314));
#2768=CARTESIAN_POINT('',(13.5723691067094,0.,-34.196295884484));
#2769=CARTESIAN_POINT('',(13.5707013301563,5.55113919137266E-17,-27.4936375488467));
#2770=CARTESIAN_POINT('',(17.2441930246969,0.,-36.492723777684));
#2771=CARTESIAN_POINT('Origin',(17.5000002607703,0.,-32.0000004768372));
#2772=CARTESIAN_POINT('',(17.7580432521477,0.,-36.4925959198524));
#2773=CARTESIAN_POINT('',(21.5729404907754,5.55113919137266E-17,-36.4916466851087));
#2774=CARTESIAN_POINT('Origin',(17.5000002607703,0.,-32.0000004768372));
#2775=CARTESIAN_POINT('Origin',(21.0000009634899,5.55113919137266E-17,-8.00000096349995));
#2776=CARTESIAN_POINT('',(20.9999997109454,0.,41.5615544537651));
#2777=CARTESIAN_POINT('',(20.9999997109454,0.,34.9999999999965));
#2778=CARTESIAN_POINT('Origin',(17.0000002533197,0.,39.5000005885959));
#2779=CARTESIAN_POINT('',(-4.00000000000656,0.,34.9999999999965));
#2780=CARTESIAN_POINT('',(20.9999997109529,1.38775471278463E-17,34.999999999993));
#2781=CARTESIAN_POINT('',(-4.00000000000656,0.,34.9999999999965));
#2782=CARTESIAN_POINT('Origin',(17.5729406146013,4.5,-36.4926419776735));
#2783=CARTESIAN_POINT('',(17.2441930246969,9.,-36.492723777684));
#2784=CARTESIAN_POINT('',(17.2441930246968,9.,-36.492723777684));
#2785=CARTESIAN_POINT('',(17.7580432521477,9.,-36.4925959198524));
#2786=CARTESIAN_POINT('',(13.5729407384272,9.,-36.4936372702384));
#2787=CARTESIAN_POINT('',(17.7580432521477,9.,-36.4925959198524));
#2788=CARTESIAN_POINT('Origin',(13.5707013301563,9.,-27.4936375488467));
#2789=CARTESIAN_POINT('',(13.5723691067094,9.,-34.196295884484));
#2790=CARTESIAN_POINT('Origin',(17.5000002607703,9.,-32.0000004768372));
#2791=CARTESIAN_POINT('',(13.5707013301563,9.,-27.4936375488467));
#2792=CARTESIAN_POINT('',(13.5707013301563,9.,-27.4936375488467));
#2793=CARTESIAN_POINT('',(13.0392379524216,9.,-27.4937697892378));
#2794=CARTESIAN_POINT('',(-7.90423132259674,9.,-36.4989812878204));
#2795=CARTESIAN_POINT('Origin',(-8.00000011920929,9.,-32.0000004768372));
#2796=CARTESIAN_POINT('',(-8.0935300029547,9.,-36.4990283897142));
#2797=CARTESIAN_POINT('',(-3.99720084224809,9.,-36.4980091281934));
#2798=CARTESIAN_POINT('',(-11.9978062787355,9.,-34.0658044149819));
#2799=CARTESIAN_POINT('Origin',(-8.00000011920929,9.,-32.0000004768372));
#2800=CARTESIAN_POINT('',(-11.9994400028672,9.,-27.4999999919314));
#2801=CARTESIAN_POINT('',(-11.9994400028672,9.,-27.4999999919314));
#2802=CARTESIAN_POINT('Origin',(-12.0000009635001,9.,-8.00000096349998));
#2803=CARTESIAN_POINT('',(-4.00000000000656,9.,41.5615522768777));
#2804=CARTESIAN_POINT('Origin',(-7.99999982118607,9.,39.4999991171062));
#2805=CARTESIAN_POINT('',(-4.00000000000656,9.,34.9999999999965));
#2806=CARTESIAN_POINT('',(-4.00000000000656,9.,34.9999999999965));
#2807=CARTESIAN_POINT('',(-3.74999999999874,9.,34.9999999999983));
#2808=CARTESIAN_POINT('',(14.7499997206007,9.,-4.14205732681171));
#2809=CARTESIAN_POINT('Origin',(21.0000009634899,9.,-8.00000096349995));
#2810=CARTESIAN_POINT('Origin',(17.5000002607703,9.,-32.0000004768372));
#2811=CARTESIAN_POINT('Origin',(-11.9994400028672,0.,-27.4999999919314));
#2812=CARTESIAN_POINT('',(-11.9978062787355,9.,-34.0658044149819));
#2813=CARTESIAN_POINT('',(-11.9994400028672,-1.2490016507502E-16,-27.4999999919314));
#2814=CARTESIAN_POINT('',(-11.9978062787355,9.,-34.0658044149819));
#2815=CARTESIAN_POINT('Origin',(-7.99720071842217,4.5,-36.4990044207582));
#2816=CARTESIAN_POINT('',(-7.90423132259675,9.,-36.4989812878204));
#2817=CARTESIAN_POINT('',(-8.09353000295719,9.,-36.4990283897141));
#2818=CARTESIAN_POINT('Origin',(13.5707013301563,5.55113919137266E-17,-27.4936375488467));
#2819=CARTESIAN_POINT('',(13.5723691067094,9.,-34.196295884484));
#2820=CARTESIAN_POINT('',(13.5707013301563,5.55113919137246E-17,-27.4936375488467));
#2821=CARTESIAN_POINT('',(13.5723691067094,9.,-34.196295884484));
#2822=CARTESIAN_POINT('Origin',(20.9999997109454,0.,34.9999999999965));
#2823=CARTESIAN_POINT('',(20.9999997109454,9.,41.5615544537651));
#2824=CARTESIAN_POINT('',(20.9999997109454,9.,41.5615544537651));
#2825=CARTESIAN_POINT('Origin',(-4.00000000000656,0.,34.9999999999965));
#2826=CARTESIAN_POINT('',(-4.00000000000656,9.,41.5615522768777));
#2827=CARTESIAN_POINT('',(-4.00000000000656,-6.24500451351605E-17,34.9999999999984));
#2828=CARTESIAN_POINT('',(-4.00000000000656,9.,41.5615522768777));
#2829=CARTESIAN_POINT('Origin',(17.5000002607703,9.,-32.0000004768372));
#2830=CARTESIAN_POINT('Origin',(-8.00000011920929,9.,-32.0000004768372));
#2831=CARTESIAN_POINT('Origin',(-8.00000011920929,9.,-32.0000004768372));
#2832=CARTESIAN_POINT('Origin',(17.5000002607703,9.,-32.0000004768372));
#2833=CARTESIAN_POINT('Origin',(17.0000002533197,9.,39.5000005885959));
#2834=CARTESIAN_POINT('Origin',(-7.99999982118607,9.,39.4999991171062));
#2835=CARTESIAN_POINT('Origin',(24.9999994412065,11.,-4.14205732681171));
#2836=CARTESIAN_POINT('Origin',(21.0000009634899,5.55113919137266E-17,-8.00000096349995));
#2837=CARTESIAN_POINT('Origin',(21.5707010825044,5.55113919137228E-17,-27.491646963717));
#2838=CARTESIAN_POINT('Origin',(-11.9999999999991,-1.24900090270321E-16,
35.0000000000001));
#2839=CARTESIAN_POINT('Origin',(-12.0000009635001,5.55113919137266E-17,
-8.00000096349998));
#2840=CARTESIAN_POINT('Origin',(4.49999999999494,9.,3.75048609944084));
#2841=CARTESIAN_POINT('',(-12.0000000000066,9.,34.9999999999965));
#2842=CARTESIAN_POINT('',(20.9999997109454,9.,34.9999999999965));
#2843=CARTESIAN_POINT('',(-8.00000000000283,9.,34.9999999999992));
#2844=CARTESIAN_POINT('',(-31.4999999843002,9.,15.4992183958254));
#2845=CARTESIAN_POINT('Origin',(-12.0000009635,9.,15.50000096349));
#2846=CARTESIAN_POINT('',(-31.4916400639463,9.,-8.57093668795287));
#2847=CARTESIAN_POINT('',(-31.4937775989517,9.,-2.41647625073173));
#2848=CARTESIAN_POINT('',(-11.9994400028672,9.,-27.4999999919314));
#2849=CARTESIAN_POINT('Origin',(-12.0000009635001,9.,-8.00000096349998));
#2850=CARTESIAN_POINT('',(21.5707010825044,9.,-27.491646963717));
#2851=CARTESIAN_POINT('',(13.0392379524216,9.,-27.4937697892378));
#2852=CARTESIAN_POINT('',(40.4999999842901,9.,-7.99921839582401));
#2853=CARTESIAN_POINT('Origin',(21.0000009634899,9.,-8.00000096349995));
#2854=CARTESIAN_POINT('',(40.4986603352846,9.,-4.1420573268117));
#2855=CARTESIAN_POINT('',(40.4937774301141,9.,9.91696235011248));
#2856=CARTESIAN_POINT('',(24.9999994412065,9.,-4.14205732681171));
#2857=CARTESIAN_POINT('',(14.7499997206007,9.,-4.14205732681171));
#2858=CARTESIAN_POINT('',(24.9999994412065,9.,1.8579426731883));
#2859=CARTESIAN_POINT('',(24.9999994412065,9.,2.80397133659417));
#2860=CARTESIAN_POINT('',(40.496576446671,9.,1.8579426731883));
#2861=CARTESIAN_POINT('',(22.498288223333,9.,1.8579426731883));
#2862=CARTESIAN_POINT('',(40.4916400639389,9.,16.0709366879539));
#2863=CARTESIAN_POINT('',(40.4937774301141,9.,9.91696235011248));
#2864=CARTESIAN_POINT('Origin',(21.00000096349,9.,15.5000009634901));
#2865=CARTESIAN_POINT('',(13.5000002011657,9.,0.));
#2866=CARTESIAN_POINT('',(13.5000002011657,9.,-16.7750707409749));
#2867=CARTESIAN_POINT('',(13.5000002011657,9.,-6.51253537048741));
#2868=CARTESIAN_POINT('',(-11.3406091399494,9.,-16.7750707409749));
#2869=CARTESIAN_POINT('',(-3.42030456997721,9.,-16.7750707409749));
#2870=CARTESIAN_POINT('',(-11.3406091399494,9.,0.));
#2871=CARTESIAN_POINT('',(-11.3406091399494,9.,1.87500000000002));
#2872=CARTESIAN_POINT('',(9.00000010058031,9.,0.));
#2873=CARTESIAN_POINT('',(-9.99999760162403,9.,14.0000002086163));
#2874=CARTESIAN_POINT('Origin',(-17.0000002533197,9.,14.0000002086163));
#2875=CARTESIAN_POINT('',(-15.5000002533197,9.,-17.0000002533197));
#2876=CARTESIAN_POINT('Origin',(-17.0000002533197,9.,-17.0000002533197));
#2877=CARTESIAN_POINT('',(20.5000002831221,9.,-7.00000010430813));
#2878=CARTESIAN_POINT('Origin',(19.0000002831221,9.,-7.00000010430813));
#2879=CARTESIAN_POINT('',(20.5000002831221,9.,3.00000004470348));
#2880=CARTESIAN_POINT('Origin',(19.0000002831221,9.,3.00000004470348));
#2881=CARTESIAN_POINT('',(-15.5000002533197,9.,-7.00000010430813));
#2882=CARTESIAN_POINT('Origin',(-17.0000002533197,9.,-7.00000010430813));
#2883=CARTESIAN_POINT('',(20.5000002831221,9.,-17.0000002533197));
#2884=CARTESIAN_POINT('Origin',(19.0000002831221,9.,-17.0000002533197));
#2885=CARTESIAN_POINT('',(-15.5000002533197,9.,3.00000004470348));
#2886=CARTESIAN_POINT('Origin',(-17.0000002533197,9.,3.00000004470348));
#2887=CARTESIAN_POINT('Origin',(-31.4916400639463,5.02291774397131E-17,
-8.57093668795287));
#2888=CARTESIAN_POINT('',(-31.4999999843002,11.,15.4992183958253));
#2889=CARTESIAN_POINT('',(-31.4999999843002,1.38775471278424E-17,15.4992183958254));
#2890=CARTESIAN_POINT('',(-31.4916400639463,11.,-8.57093668795287));
#2891=CARTESIAN_POINT('',(-31.4999999843002,11.,15.4992183958254));
#2892=CARTESIAN_POINT('',(-31.4916400639463,5.0234353573357E-17,-8.57093668795287));
#2893=CARTESIAN_POINT('Origin',(-12.0000009635,1.38775471278424E-17,15.50000096349));
#2894=CARTESIAN_POINT('',(-11.9999999999991,11.,34.999999999993));
#2895=CARTESIAN_POINT('',(-11.9999999999991,1.38775471278424E-17,34.999999999993));
#2896=CARTESIAN_POINT('Origin',(-12.0000009635,11.,15.50000096349));
#2897=CARTESIAN_POINT('Origin',(21.00000096349,1.38775471278424E-17,15.5000009634901));
#2898=CARTESIAN_POINT('',(40.4916400639389,11.,16.0709366879539));
#2899=CARTESIAN_POINT('',(40.4916400639389,1.38775471278425E-17,16.0709366879539));
#2900=CARTESIAN_POINT('',(20.9999997109529,11.,34.999999999993));
#2901=CARTESIAN_POINT('Origin',(21.00000096349,11.,15.5000009634901));
#2902=CARTESIAN_POINT('',(20.9999997109529,1.38775471278463E-17,34.999999999993));
#2903=CARTESIAN_POINT('Origin',(40.496576446671,11.,1.8579426731883));
#2904=CARTESIAN_POINT('',(24.9999994412065,11.,1.8579426731883));
#2905=CARTESIAN_POINT('',(24.9999994412065,11.,1.8579426731883));
#2906=CARTESIAN_POINT('',(40.496576446671,11.,1.8579426731883));
#2907=CARTESIAN_POINT('',(22.498288223333,11.,1.8579426731883));
#2908=CARTESIAN_POINT('',(40.496576446671,5.5,1.8579426731883));
#2909=CARTESIAN_POINT('Origin',(40.4916400639389,1.38775471278426E-17,16.0709366879539));
#2910=CARTESIAN_POINT('',(40.4999999842901,11.,-7.99921839582401));
#2911=CARTESIAN_POINT('',(40.4999999842901,5.55113919137266E-17,-7.99921839582401));
#2912=CARTESIAN_POINT('',(40.4986603352846,11.,-4.14205732681171));
#2913=CARTESIAN_POINT('',(40.4999999842901,11.,-7.99921839582401));
#2914=CARTESIAN_POINT('',(40.4986603352846,5.5,-4.1420573268117));
#2915=CARTESIAN_POINT('Origin',(40.4916400639389,1.38775471278426E-17,16.0709366879539));
#2916=CARTESIAN_POINT('',(40.4999999842901,11.,-7.99921839582401));
#2917=CARTESIAN_POINT('Origin',(-17.0000002533197,11.,3.00000004470348));
#2918=CARTESIAN_POINT('',(-15.5000002533197,11.,3.00000004470348));
#2919=CARTESIAN_POINT('Origin',(-17.0000002533197,11.,3.00000004470348));
#2920=CARTESIAN_POINT('',(-15.5000002533197,11.,3.00000004470348));
#2921=CARTESIAN_POINT('Origin',(19.0000002831221,11.,-17.0000002533197));
#2922=CARTESIAN_POINT('',(20.5000002831221,11.,-17.0000002533197));
#2923=CARTESIAN_POINT('Origin',(19.0000002831221,11.,-17.0000002533197));
#2924=CARTESIAN_POINT('',(20.5000002831221,11.,-17.0000002533197));
#2925=CARTESIAN_POINT('Origin',(-17.0000002533197,11.,-7.00000010430813));
#2926=CARTESIAN_POINT('',(-15.5000002533197,11.,-7.00000010430813));
#2927=CARTESIAN_POINT('Origin',(-17.0000002533197,11.,-7.00000010430813));
#2928=CARTESIAN_POINT('',(-15.5000002533197,11.,-7.00000010430813));
#2929=CARTESIAN_POINT('Origin',(19.0000002831221,11.,3.00000004470348));
#2930=CARTESIAN_POINT('',(20.5000002831221,11.,3.00000004470348));
#2931=CARTESIAN_POINT('Origin',(19.0000002831221,11.,3.00000004470348));
#2932=CARTESIAN_POINT('',(20.5000002831221,11.,3.00000004470348));
#2933=CARTESIAN_POINT('Origin',(19.0000002831221,11.,-7.00000010430813));
#2934=CARTESIAN_POINT('',(20.5000002831221,11.,-7.00000010430813));
#2935=CARTESIAN_POINT('Origin',(19.0000002831221,11.,-7.00000010430813));
#2936=CARTESIAN_POINT('',(20.5000002831221,11.,-7.00000010430813));
#2937=CARTESIAN_POINT('Origin',(-17.0000002533197,11.,-17.0000002533197));
#2938=CARTESIAN_POINT('',(-15.5000002533197,11.,-17.0000002533197));
#2939=CARTESIAN_POINT('Origin',(-17.0000002533197,11.,-17.0000002533197));
#2940=CARTESIAN_POINT('',(-15.5000002533197,11.,-17.0000002533197));
#2941=CARTESIAN_POINT('Origin',(-11.9999999999991,-1.24900090270321E-16,
35.0000000000001));
#2942=CARTESIAN_POINT('',(20.9999997109529,11.,34.999999999993));
#2943=CARTESIAN_POINT('Origin',(21.5707010825044,5.55113919137228E-17,-27.491646963717));
#2944=CARTESIAN_POINT('',(-11.9994400028672,11.,-27.4999999919314));
#2945=CARTESIAN_POINT('',(-11.9994400028672,-1.2490016507502E-16,-27.4999999919314));
#2946=CARTESIAN_POINT('',(21.5707010825044,11.,-27.491646963717));
#2947=CARTESIAN_POINT('',(-11.9994400028672,11.,-27.4999999919314));
#2948=CARTESIAN_POINT('',(21.5707010825044,5.55113919137266E-17,-27.491646963717));
#2949=CARTESIAN_POINT('Origin',(24.9999994412065,11.,1.8579426731883));
#2950=CARTESIAN_POINT('',(24.9999994412065,11.,-4.14205732681171));
#2951=CARTESIAN_POINT('',(24.9999994412065,11.,-4.14205732681171));
#2952=CARTESIAN_POINT('',(24.9999994412065,11.,2.80397133659417));
#2953=CARTESIAN_POINT('Origin',(-13.8180196905651,12.,10.8180196458616));
#2954=CARTESIAN_POINT('',(-13.3180196905651,12.,10.8180196458616));
#2955=CARTESIAN_POINT('Origin',(-13.8180196905651,12.,10.8180196458616));
#2956=CARTESIAN_POINT('',(-13.3180196905651,11.,10.8180196458616));
#2957=CARTESIAN_POINT('',(-13.3180196905651,12.,10.8180196458616));
#2958=CARTESIAN_POINT('Origin',(-13.8180196905651,11.,10.8180196458616));
#2959=CARTESIAN_POINT('Origin',(-20.1819808160744,12.,17.1819807713709));
#2960=CARTESIAN_POINT('',(-19.6819808160744,12.,17.1819807713709));
#2961=CARTESIAN_POINT('Origin',(-20.1819808160744,12.,17.1819807713709));
#2962=CARTESIAN_POINT('',(-19.6819808160744,11.,17.1819807713709));
#2963=CARTESIAN_POINT('',(-19.6819808160744,12.,17.1819807713709));
#2964=CARTESIAN_POINT('Origin',(-20.1819808160744,11.,17.1819807713709));
#2965=CARTESIAN_POINT('Origin',(-17.0000002533197,12.,18.5000002756715));
#2966=CARTESIAN_POINT('',(-16.5000002533197,12.,18.5000002756715));
#2967=CARTESIAN_POINT('Origin',(-17.0000002533197,12.,18.5000002756715));
#2968=CARTESIAN_POINT('',(-16.5000002533197,11.,18.5000002756715));
#2969=CARTESIAN_POINT('',(-16.5000002533197,12.,18.5000002756715));
#2970=CARTESIAN_POINT('Origin',(-17.0000002533197,11.,18.5000002756715));
#2971=CARTESIAN_POINT('Origin',(-17.0000002533197,12.,9.50000014156103));
#2972=CARTESIAN_POINT('',(-16.5000002533197,12.,9.50000014156103));
#2973=CARTESIAN_POINT('Origin',(-17.0000002533197,12.,9.50000014156103));
#2974=CARTESIAN_POINT('',(-16.5000002533197,11.,9.50000014156103));
#2975=CARTESIAN_POINT('',(-16.5000002533197,12.,9.50000014156103));
#2976=CARTESIAN_POINT('Origin',(-17.0000002533197,11.,9.50000014156103));
#2977=CARTESIAN_POINT('Origin',(-12.5000001862645,12.,14.0000002086163));
#2978=CARTESIAN_POINT('',(-12.0000001862645,12.,14.0000002086163));
#2979=CARTESIAN_POINT('Origin',(-12.5000001862645,12.,14.0000002086163));
#2980=CARTESIAN_POINT('',(-12.0000001862645,11.,14.0000002086163));
#2981=CARTESIAN_POINT('',(-12.0000001862645,12.,14.0000002086163));
#2982=CARTESIAN_POINT('Origin',(-12.5000001862645,11.,14.0000002086163));
#2983=CARTESIAN_POINT('Origin',(-21.500000320375,12.,14.0000002086163));
#2984=CARTESIAN_POINT('',(-21.000000320375,12.,14.0000002086163));
#2985=CARTESIAN_POINT('Origin',(-21.500000320375,12.,14.0000002086163));
#2986=CARTESIAN_POINT('',(-21.000000320375,11.,14.0000002086163));
#2987=CARTESIAN_POINT('',(-21.000000320375,12.,14.0000002086163));
#2988=CARTESIAN_POINT('Origin',(-21.500000320375,11.,14.0000002086163));
#2989=CARTESIAN_POINT('Origin',(-17.0000002533197,12.,14.0000002086163));
#2990=CARTESIAN_POINT('',(-16.5000002533197,12.,14.0000002086163));
#2991=CARTESIAN_POINT('Origin',(-17.0000002533197,12.,14.0000002086163));
#2992=CARTESIAN_POINT('',(-16.5000002533197,11.,14.0000002086163));
#2993=CARTESIAN_POINT('',(-16.5000002533197,12.,14.0000002086163));
#2994=CARTESIAN_POINT('Origin',(-17.0000002533197,11.,14.0000002086163));
#2995=CARTESIAN_POINT('Origin',(-20.1819808160744,12.,10.8180196458616));
#2996=CARTESIAN_POINT('',(-19.6819808160744,12.,10.8180196458616));
#2997=CARTESIAN_POINT('Origin',(-20.1819808160744,12.,10.8180196458616));
#2998=CARTESIAN_POINT('',(-19.6819808160744,11.,10.8180196458616));
#2999=CARTESIAN_POINT('',(-19.6819808160744,12.,10.8180196458616));
#3000=CARTESIAN_POINT('Origin',(-20.1819808160744,11.,10.8180196458616));
#3001=CARTESIAN_POINT('Origin',(-13.8180196905651,12.,17.1819807713709));
#3002=CARTESIAN_POINT('',(-13.3180196905651,12.,17.1819807713709));
#3003=CARTESIAN_POINT('Origin',(-13.8180196905651,12.,17.1819807713709));
#3004=CARTESIAN_POINT('',(-13.3180196905651,11.,17.1819807713709));
#3005=CARTESIAN_POINT('',(-13.3180196905651,12.,17.1819807713709));
#3006=CARTESIAN_POINT('Origin',(-13.8180196905651,11.,17.1819807713709));
#3007=CARTESIAN_POINT('Origin',(-17.0000002533197,11.,14.0000002086163));
#3008=CARTESIAN_POINT('',(-9.99999760162403,11.,14.0000002086163));
#3009=CARTESIAN_POINT('Origin',(-17.0000002533197,11.,14.0000002086163));
#3010=CARTESIAN_POINT('Origin',(-17.0000002533197,11.,14.0000002086163));
#3011=CARTESIAN_POINT('',(-9.50000014156103,12.,14.0000002086163));
#3012=CARTESIAN_POINT('Origin',(-17.0000002533197,12.,14.0000002086163));
#3013=CARTESIAN_POINT('',(-9.50000014156103,11.,14.0000002086163));
#3014=CARTESIAN_POINT('',(-9.50000014156103,11.,14.0000002086163));
#3015=CARTESIAN_POINT('Origin',(-17.0000002533197,11.,14.0000002086163));
#3016=CARTESIAN_POINT('Origin',(-17.0000002533197,12.,14.0000002086163));
#3017=CARTESIAN_POINT('Origin',(-17.0000002533197,11.,14.0000002086163));
#3018=CARTESIAN_POINT('',(-9.99999760162403,11.,14.0000002086163));
#3019=CARTESIAN_POINT('Origin',(-11.3406091399494,11.,0.));
#3020=CARTESIAN_POINT('',(-11.3406091399494,11.,-16.7750707409749));
#3021=CARTESIAN_POINT('',(-11.3406091399494,11.,-16.7750707409749));
#3022=CARTESIAN_POINT('',(-11.3406091399494,11.,0.));
#3023=CARTESIAN_POINT('',(-11.3406091399494,11.,1.87500000000002));
#3024=CARTESIAN_POINT('',(-11.3406091399494,11.,0.));
#3025=CARTESIAN_POINT('Origin',(13.5000002011657,11.,0.));
#3026=CARTESIAN_POINT('',(13.5000002011657,11.,0.));
#3027=CARTESIAN_POINT('',(9.00000010058031,11.,0.));
#3028=CARTESIAN_POINT('',(13.5000002011657,11.,0.));
#3029=CARTESIAN_POINT('Origin',(13.5000002011657,11.,-16.7750707409749));
#3030=CARTESIAN_POINT('',(13.5000002011657,11.,-16.7750707409749));
#3031=CARTESIAN_POINT('',(13.5000002011657,11.,-6.51253537048741));
#3032=CARTESIAN_POINT('',(13.5000002011657,11.,-16.7750707409749));
#3033=CARTESIAN_POINT('Origin',(-11.3406091399494,11.,-16.7750707409749));
#3034=CARTESIAN_POINT('',(-3.42030456997721,11.,-16.7750707409749));
#3035=CARTESIAN_POINT('Origin',(4.49999999999495,11.,3.75000000000004));
#3036=CARTESIAN_POINT('',(14.7499997206007,11.,-4.14205732681171));
#3037=CARTESIAN_POINT('Origin',(21.0000009634899,11.,-8.00000096349995));
#3038=CARTESIAN_POINT('Origin',(-12.0000009635001,11.,-8.00000096349998));
#3039=CARTESIAN_POINT('Origin',(24.9999994412065,11.,-4.14205732681171));
#3040=CARTESIAN_POINT('Origin',(21.0000009634899,5.55113919137266E-17,-8.00000096349995));
#3041=CARTESIAN_POINT('Origin',(-12.0000009635001,5.55113919137266E-17,
-8.00000096349998));
#3042=UNCERTAINTY_MEASURE_WITH_UNIT(LENGTH_MEASURE(0.01),#3046,
'DISTANCE_ACCURACY_VALUE',
'Maximum model space distance between geometric entities at asserted c
onnectivities');
#3043=UNCERTAINTY_MEASURE_WITH_UNIT(LENGTH_MEASURE(0.01),#3046,
'DISTANCE_ACCURACY_VALUE',
'Maximum model space distance between geometric entities at asserted c
onnectivities');
#3044=(
GEOMETRIC_REPRESENTATION_CONTEXT(3)
GLOBAL_UNCERTAINTY_ASSIGNED_CONTEXT((#3042))
GLOBAL_UNIT_ASSIGNED_CONTEXT((#3046,#3048,#3049))
REPRESENTATION_CONTEXT('','3D')
);
#3045=(
GEOMETRIC_REPRESENTATION_CONTEXT(3)
GLOBAL_UNCERTAINTY_ASSIGNED_CONTEXT((#3043))
GLOBAL_UNIT_ASSIGNED_CONTEXT((#3046,#3048,#3049))
REPRESENTATION_CONTEXT('','3D')
);
#3046=(
LENGTH_UNIT()
NAMED_UNIT(*)
SI_UNIT(.MILLI.,.METRE.)
);
#3047=(
LENGTH_UNIT()
NAMED_UNIT(*)
SI_UNIT($,.METRE.)
);
#3048=(
NAMED_UNIT(*)
PLANE_ANGLE_UNIT()
SI_UNIT($,.RADIAN.)
);
#3049=(
NAMED_UNIT(*)
SI_UNIT($,.STERADIAN.)
SOLID_ANGLE_UNIT()
);
#3050=SHAPE_DEFINITION_REPRESENTATION(#3051,#3052);
#3051=PRODUCT_DEFINITION_SHAPE('',$,#3054);
#3052=SHAPE_REPRESENTATION('',(#1782),#3044);
#3053=PRODUCT_DEFINITION_CONTEXT('part definition',#3058,'design');
#3054=PRODUCT_DEFINITION('Pod Copy','Pod Copy v1',#3055,#3053);
#3055=PRODUCT_DEFINITION_FORMATION('',$,#3060);
#3056=PRODUCT_RELATED_PRODUCT_CATEGORY('Pod Copy v1','Pod Copy v1',(#3060));
#3057=APPLICATION_PROTOCOL_DEFINITION('international standard',
'automotive_design',2009,#3058);
#3058=APPLICATION_CONTEXT(
'Core Data for Automotive Mechanical Design Process');
#3059=PRODUCT_CONTEXT('part definition',#3058,'mechanical');
#3060=PRODUCT('Pod Copy','Pod Copy v1',$,(#3059));
#3061=PRESENTATION_STYLE_ASSIGNMENT((#3062));
#3062=SURFACE_STYLE_USAGE(.BOTH.,#3063);
#3063=SURFACE_SIDE_STYLE('',(#3064));
#3064=SURFACE_STYLE_FILL_AREA(#3065);
#3065=FILL_AREA_STYLE('Steel - Satin',(#3066));
#3066=FILL_AREA_STYLE_COLOUR('Steel - Satin',#3067);
#3067=COLOUR_RGB('Steel - Satin',0.627450980392157,0.627450980392157,0.627450980392157);
ENDSEC;
END-ISO-10303-21;
